country,food_category,consumption,co2_emmission,alpha-3,id,total_co2_emission,total_consumption
Argentina,Pork,10.51,37.2,ARG,32,2172.4,429.40999999999997
Argentina,Poultry,38.66,41.53,ARG,32,2172.4,429.40999999999997
Argentina,Beef,55.48,1712.0,ARG,32,2172.4,429.40999999999997
Argentina,Lamb & Goat,1.56,54.63,ARG,32,2172.4,429.40999999999997
Argentina,Fish,4.359999999999999,6.96,ARG,32,2172.4,429.40999999999997
Argentina,Eggs,11.39,10.46,ARG,32,2172.4,429.40999999999997
Argentina,Milk - inc. cheese,195.08,277.87,ARG,32,2172.4,429.40999999999997
Argentina,Wheat and Wheat Products,103.11,19.66,ARG,32,2172.4,429.40999999999997
Argentina,Rice,8.77,11.22,ARG,32,2172.4,429.40999999999997
Argentina,Soybeans,0.0,0.0,ARG,32,2172.4,429.40999999999997
Argentina,Nuts inc. Peanut Butter,0.49,0.8700000000000001,ARG,32,2172.4,429.40999999999997
Australia,Pork,24.14,85.44000000000001,AUS,36,1938.6599999999999,465.09000000000003
Australia,Poultry,46.120000000000005,49.54,AUS,36,1938.6599999999999,465.09000000000003
Australia,Beef,33.86,1044.85,AUS,36,1938.6599999999999,465.09000000000003
Australia,Lamb & Goat,9.87,345.65000000000003,AUS,36,1938.6599999999999,465.09000000000003
Australia,Fish,17.69,28.25,AUS,36,1938.6599999999999,465.09000000000003
Australia,Eggs,8.51,7.819999999999999,AUS,36,1938.6599999999999,465.09000000000003
Australia,Milk - inc. cheese,234.49,334.01,AUS,36,1938.6599999999999,465.09000000000003
Australia,Wheat and Wheat Products,70.46000000000001,13.44,AUS,36,1938.6599999999999,465.09000000000003
Australia,Rice,11.03,14.12,AUS,36,1938.6599999999999,465.09000000000003
Australia,Soybeans,0.19,0.09,AUS,36,1938.6599999999999,465.09000000000003
Australia,Nuts inc. Peanut Butter,8.729999999999999,15.45,AUS,36,1938.6599999999999,465.09000000000003
Albania,Pork,10.88,38.51,ALB,8,1777.85,532.73
Albania,Poultry,13.23,14.21,ALB,8,1777.85,532.73
Albania,Beef,22.5,694.3,ALB,8,1777.85,532.73
Albania,Lamb & Goat,15.32,536.5,ALB,8,1777.85,532.73
Albania,Fish,3.85,6.15,ALB,8,1777.85,532.73
Albania,Eggs,12.45,11.44,ALB,8,1777.85,532.73
Albania,Milk - inc. cheese,303.72,432.62,ALB,8,1777.85,532.73
Albania,Wheat and Wheat Products,138.64,26.44,ALB,8,1777.85,532.73
Albania,Rice,7.78,9.96,ALB,8,1777.85,532.73
Albania,Soybeans,0.0,0.0,ALB,8,1777.85,532.73
Albania,Nuts inc. Peanut Butter,4.359999999999999,7.72,ALB,8,1777.85,532.73
Iceland,Pork,21.69,76.77,ISL,352,1731.36,472.31
Iceland,Poultry,26.87,28.86,ISL,352,1731.36,472.31
Iceland,Beef,13.36,412.26,ISL,352,1731.36,472.31
Iceland,Lamb & Goat,21.12,739.62,ISL,352,1731.36,472.31
Iceland,Fish,74.41000000000001,118.81,ISL,352,1731.36,472.31
Iceland,Eggs,8.239999999999998,7.57,ISL,352,1731.36,472.31
Iceland,Milk - inc. cheese,225.82,321.66,ISL,352,1731.36,472.31
Iceland,Wheat and Wheat Products,72.92,13.91,ISL,352,1731.36,472.31
Iceland,Rice,3.89,4.98,ISL,352,1731.36,472.31
Iceland,Soybeans,0.11,0.05,ISL,352,1731.36,472.31
Iceland,Nuts inc. Peanut Butter,3.88,6.87,ISL,352,1731.36,472.31
New Zealand,Pork,22.29,78.9,NZL,554,1750.95,360.92
New Zealand,Poultry,34.98,37.58,NZL,554,1750.95,360.92
New Zealand,Beef,22.49,693.99,NZL,554,1750.95,360.92
New Zealand,Lamb & Goat,18.91,662.23,NZL,554,1750.95,360.92
New Zealand,Fish,20.36,32.51,NZL,554,1750.95,360.92
New Zealand,Eggs,9.91,9.1,NZL,554,1750.95,360.92
New Zealand,Milk - inc. cheese,137.25,195.5,NZL,554,1750.95,360.92
New Zealand,Wheat and Wheat Products,76.91000000000001,14.67,NZL,554,1750.95,360.92
New Zealand,Rice,9.16,11.72,NZL,554,1750.95,360.92
New Zealand,Soybeans,0.44,0.2,NZL,554,1750.95,360.92
New Zealand,Nuts inc. Peanut Butter,8.219999999999999,14.55,NZL,554,1750.95,360.92
Uruguay,Pork,16.84,59.61,URY,858,1634.9099999999999,433.59999999999997
Uruguay,Poultry,27.45,29.49,URY,858,1634.9099999999999,433.59999999999997
Uruguay,Beef,29.1,897.9599999999999,URY,858,1634.9099999999999,433.59999999999997
Uruguay,Lamb & Goat,8.229999999999999,288.21,URY,858,1634.9099999999999,433.59999999999997
Uruguay,Fish,6.53,10.43,URY,858,1634.9099999999999,433.59999999999997
Uruguay,Eggs,13.14,12.07,URY,858,1634.9099999999999,433.59999999999997
Uruguay,Milk - inc. cheese,210.54,299.89,URY,858,1634.9099999999999,433.59999999999997
Uruguay,Wheat and Wheat Products,109.31,20.85,URY,858,1634.9099999999999,433.59999999999997
Uruguay,Rice,11.5,14.72,URY,858,1634.9099999999999,433.59999999999997
Uruguay,Soybeans,0.01,0.0,URY,858,1634.9099999999999,433.59999999999997
Uruguay,Nuts inc. Peanut Butter,0.95,1.6800000000000002,URY,858,1634.9099999999999,433.59999999999997
Luxembourg,Pork,43.58,154.25,LUX,442,1598.41,497.9
Luxembourg,Poultry,21.37,22.96,LUX,442,1598.41,497.9
Luxembourg,Beef,29.88,922.03,LUX,442,1598.41,497.9
Luxembourg,Lamb & Goat,1.6700000000000002,58.48,LUX,442,1598.41,497.9
Luxembourg,Fish,23.09,36.87,LUX,442,1598.41,497.9
Luxembourg,Eggs,14.64,13.45,LUX,442,1598.41,497.9
Luxembourg,Milk - inc. cheese,255.3,363.65,LUX,442,1598.41,497.9
Luxembourg,Wheat and Wheat Products,103.2,19.68,LUX,442,1598.41,497.9
Luxembourg,Rice,4.2,5.37,LUX,442,1598.41,497.9
Luxembourg,Soybeans,0.04,0.02,LUX,442,1598.41,497.9
Luxembourg,Nuts inc. Peanut Butter,0.93,1.65,LUX,442,1598.41,497.9
Brazil,Pork,12.6,44.6,BRA,76,1616.7299999999998,355.16
Brazil,Poultry,45.0,48.34,BRA,76,1616.7299999999998,355.16
Brazil,Beef,39.25,1211.1699999999998,BRA,76,1616.7299999999998,355.16
Brazil,Lamb & Goat,0.62,21.71,BRA,76,1616.7299999999998,355.16
Brazil,Fish,10.01,15.98,BRA,76,1616.7299999999998,355.16
Brazil,Eggs,8.98,8.25,BRA,76,1616.7299999999998,355.16
Brazil,Milk - inc. cheese,149.28,212.63,BRA,76,1616.7299999999998,355.16
Brazil,Wheat and Wheat Products,53.0,10.11,BRA,76,1616.7299999999998,355.16
Brazil,Rice,32.13,41.120000000000005,BRA,76,1616.7299999999998,355.16
Brazil,Soybeans,3.62,1.63,BRA,76,1616.7299999999998,355.16
Brazil,Nuts inc. Peanut Butter,0.6699999999999999,1.1900000000000002,BRA,76,1616.7299999999998,355.16
Kazakhstan,Pork,10.36,36.67,KAZ,398,1575.08,468.1
Kazakhstan,Poultry,18.38,19.74,KAZ,398,1575.08,468.1
Kazakhstan,Beef,23.38,721.4599999999999,KAZ,398,1575.08,468.1
Kazakhstan,Lamb & Goat,9.56,334.79,KAZ,398,1575.08,468.1
Kazakhstan,Fish,5.21,8.32,KAZ,398,1575.08,468.1
Kazakhstan,Eggs,8.29,7.619999999999999,KAZ,398,1575.08,468.1
Kazakhstan,Milk - inc. cheese,288.12,410.4,KAZ,398,1575.08,468.1
Kazakhstan,Wheat and Wheat Products,92.31,17.6,KAZ,398,1575.08,468.1
Kazakhstan,Rice,7.319999999999999,9.37,KAZ,398,1575.08,468.1
Kazakhstan,Soybeans,0.03,0.01,KAZ,398,1575.08,468.1
Kazakhstan,Nuts inc. Peanut Butter,5.14,9.1,KAZ,398,1575.08,468.1
Sweden,Pork,37.0,130.96,SWE,752,1527.03,550.0
Sweden,Poultry,16.64,17.87,SWE,752,1527.03,550.0
Sweden,Beef,24.58,758.49,SWE,752,1527.03,550.0
Sweden,Lamb & Goat,1.41,49.38,SWE,752,1527.03,550.0
Sweden,Fish,23.86,38.1,SWE,752,1527.03,550.0
Sweden,Eggs,13.37,12.28,SWE,752,1527.03,550.0
Sweden,Milk - inc. cheese,341.23,486.05,SWE,752,1527.03,550.0
Sweden,Wheat and Wheat Products,79.59,15.18,SWE,752,1527.03,550.0
Sweden,Rice,5.96,7.63,SWE,752,1527.03,550.0
Sweden,Soybeans,0.13,0.06,SWE,752,1527.03,550.0
Sweden,Nuts inc. Peanut Butter,6.23,11.03,SWE,752,1527.03,550.0
Bermuda,Pork,28.24,99.96,BMU,60,1483.28,306.62
Bermuda,Poultry,32.620000000000005,35.04,BMU,60,1483.28,306.62
Bermuda,Beef,33.15,1022.94,BMU,60,1483.28,306.62
Bermuda,Lamb & Goat,2.71,94.9,BMU,60,1483.28,306.62
Bermuda,Fish,33.220000000000006,53.04,BMU,60,1483.28,306.62
Bermuda,Eggs,14.92,13.71,BMU,60,1483.28,306.62
Bermuda,Milk - inc. cheese,95.56,136.12,BMU,60,1483.28,306.62
Bermuda,Wheat and Wheat Products,54.88,10.47,BMU,60,1483.28,306.62
Bermuda,Rice,5.38,6.88,BMU,60,1483.28,306.62
Bermuda,Soybeans,0.22,0.1,BMU,60,1483.28,306.62
Bermuda,Nuts inc. Peanut Butter,5.72,10.12,BMU,60,1483.28,306.62
Denmark,Pork,24.87,88.03,DNK,208,1498.18,499.07000000000005
Denmark,Poultry,26.75,28.73,DNK,208,1498.18,499.07000000000005
Denmark,Beef,28.46,878.22,DNK,208,1498.18,499.07000000000005
Denmark,Lamb & Goat,0.92,32.220000000000006,DNK,208,1498.18,499.07000000000005
Denmark,Fish,16.49,26.33,DNK,208,1498.18,499.07000000000005
Denmark,Eggs,15.35,14.1,DNK,208,1498.18,499.07000000000005
Denmark,Milk - inc. cheese,277.3,394.99,DNK,208,1498.18,499.07000000000005
Denmark,Wheat and Wheat Products,98.0,18.69,DNK,208,1498.18,499.07000000000005
Denmark,Rice,4.96,6.35,DNK,208,1498.18,499.07000000000005
Denmark,Soybeans,0.03,0.01,DNK,208,1498.18,499.07000000000005
Denmark,Nuts inc. Peanut Butter,5.94,10.51,DNK,208,1498.18,499.07000000000005
Finland,Pork,36.14,127.92,FIN,246,1464.63,639.79
Finland,Poultry,19.87,21.34,FIN,246,1464.63,639.79
Finland,Beef,19.22,593.09,FIN,246,1464.63,639.79
Finland,Lamb & Goat,0.53,18.56,FIN,246,1464.63,639.79
Finland,Fish,33.8,53.97,FIN,246,1464.63,639.79
Finland,Eggs,9.55,8.77,FIN,246,1464.63,639.79
Finland,Milk - inc. cheese,430.76,613.57,FIN,246,1464.63,639.79
Finland,Wheat and Wheat Products,81.99000000000001,15.64,FIN,246,1464.63,639.79
Finland,Rice,4.42,5.659999999999999,FIN,246,1464.63,639.79
Finland,Soybeans,0.08,0.04,FIN,246,1464.63,639.79
Finland,Nuts inc. Peanut Butter,3.43,6.07,FIN,246,1464.63,639.79
Ireland,Pork,32.4,114.68,IRL,372,1459.67,518.6500000000001
Ireland,Poultry,26.26,28.21,IRL,372,1459.67,518.6500000000001
Ireland,Beef,22.35,689.6700000000001,IRL,372,1459.67,518.6500000000001
Ireland,Lamb & Goat,4.1,143.58,IRL,372,1459.67,518.6500000000001
Ireland,Fish,17.39,27.77,IRL,372,1459.67,518.6500000000001
Ireland,Eggs,8.96,8.229999999999999,IRL,372,1459.67,518.6500000000001
Ireland,Milk - inc. cheese,291.86,415.73,IRL,372,1459.67,518.6500000000001
Ireland,Wheat and Wheat Products,107.98,20.59,IRL,372,1459.67,518.6500000000001
Ireland,Rice,3.0,3.84,IRL,372,1459.67,518.6500000000001
Ireland,Soybeans,0.25,0.11,IRL,372,1459.67,518.6500000000001
Ireland,Nuts inc. Peanut Butter,4.1,7.26,IRL,372,1459.67,518.6500000000001
Greece,Pork,28.31,100.2,GRC,300,1497.29,493.63
Greece,Poultry,15.739999999999998,16.91,GRC,300,1497.29,493.63
Greece,Beef,16.1,496.81,GRC,300,1497.29,493.63
Greece,Lamb & Goat,12.47,436.7,GRC,300,1497.29,493.63
Greece,Fish,14.42,23.02,GRC,300,1497.29,493.63
Greece,Eggs,10.13,9.31,GRC,300,1497.29,493.63
Greece,Milk - inc. cheese,255.26,363.59,GRC,300,1497.29,493.63
Greece,Wheat and Wheat Products,124.04,23.65,GRC,300,1497.29,493.63
Greece,Rice,6.64,8.5,GRC,300,1497.29,493.63
Greece,Soybeans,0.02,0.01,GRC,300,1497.29,493.63
Greece,Nuts inc. Peanut Butter,10.5,18.59,GRC,300,1497.29,493.63
France,Pork,33.05,116.98,FRA,250,1420.05,479.17
France,Poultry,22.93,24.630000000000003,FRA,250,1420.05,479.17
France,Beef,23.81,734.73,FRA,250,1420.05,479.17
France,Lamb & Goat,3.28,114.87,FRA,250,1420.05,479.17
France,Fish,22.91,36.58,FRA,250,1420.05,479.17
France,Eggs,13.13,12.06,FRA,250,1420.05,479.17
France,Milk - inc. cheese,241.31,343.72,FRA,250,1420.05,479.17
France,Wheat and Wheat Products,108.43,20.68,FRA,250,1420.05,479.17
France,Rice,4.88,6.24,FRA,250,1420.05,479.17
France,Soybeans,0.05,0.02,FRA,250,1420.05,479.17
France,Nuts inc. Peanut Butter,5.39,9.54,FRA,250,1420.05,479.17
Canada,Pork,22.81,80.74000000000001,CAN,124,1437.16,412.55
Canada,Poultry,36.68,39.4,CAN,124,1437.16,412.55
Canada,Beef,30.25,933.45,CAN,124,1437.16,412.55
Canada,Lamb & Goat,0.97,33.97,CAN,124,1437.16,412.55
Canada,Fish,14.56,23.25,CAN,124,1437.16,412.55
Canada,Eggs,12.95,11.9,CAN,124,1437.16,412.55
Canada,Milk - inc. cheese,187.77,267.46,CAN,124,1437.16,412.55
Canada,Wheat and Wheat Products,84.96000000000001,16.2,CAN,124,1437.16,412.55
Canada,Rice,12.65,16.19,CAN,124,1437.16,412.55
Canada,Soybeans,0.94,0.42,CAN,124,1437.16,412.55
Canada,Nuts inc. Peanut Butter,8.01,14.18,CAN,124,1437.16,412.55
Norway,Pork,23.51,83.21000000000001,NOR,578,1381.8899999999999,487.49
Norway,Poultry,21.01,22.57,NOR,578,1381.8899999999999,487.49
Norway,Beef,19.83,611.91,NOR,578,1381.8899999999999,487.49
Norway,Lamb & Goat,5.34,187.01,NOR,578,1381.8899999999999,487.49
Norway,Fish,38.18,60.96,NOR,578,1381.8899999999999,487.49
Norway,Eggs,11.41,10.48,NOR,578,1381.8899999999999,487.49
Norway,Milk - inc. cheese,261.34000000000003,372.25,NOR,578,1381.8899999999999,487.49
Norway,Wheat and Wheat Products,97.12,18.52,NOR,578,1381.8899999999999,487.49
Norway,Rice,4.359999999999999,5.58,NOR,578,1381.8899999999999,487.49
Norway,Soybeans,0.11,0.05,NOR,578,1381.8899999999999,487.49
Norway,Nuts inc. Peanut Butter,5.28,9.35,NOR,578,1381.8899999999999,487.49
French Polynesia,Pork,14.75,52.21,PYF,258,1424.69,346.65999999999997
French Polynesia,Poultry,49.55,53.23,PYF,258,1424.69,346.65999999999997
French Polynesia,Beef,30.9,953.51,PYF,258,1424.69,346.65999999999997
French Polynesia,Lamb & Goat,2.83,99.11,PYF,258,1424.69,346.65999999999997
French Polynesia,Fish,38.95,62.190000000000005,PYF,258,1424.69,346.65999999999997
French Polynesia,Eggs,8.75,8.04,PYF,258,1424.69,346.65999999999997
French Polynesia,Milk - inc. cheese,93.56,133.26999999999998,PYF,258,1424.69,346.65999999999997
French Polynesia,Wheat and Wheat Products,68.66999999999999,13.1,PYF,258,1424.69,346.65999999999997
French Polynesia,Rice,35.59,45.54,PYF,258,1424.69,346.65999999999997
French Polynesia,Soybeans,0.77,0.35,PYF,258,1424.69,346.65999999999997
French Polynesia,Nuts inc. Peanut Butter,2.34,4.14,PYF,258,1424.69,346.65999999999997
Israel,Pork,1.99,7.04,ISR,376,1405.71,457.75
Israel,Poultry,62.5,67.14,ISR,376,1405.71,457.75
Israel,Beef,28.78,888.09,ISR,376,1405.71,457.75
Israel,Lamb & Goat,1.87,65.49000000000001,ISR,376,1405.71,457.75
Israel,Fish,22.18,35.41,ISR,376,1405.71,457.75
Israel,Eggs,11.35,10.43,ISR,376,1405.71,457.75
Israel,Milk - inc. cheese,193.6,275.76,ISR,376,1405.71,457.75
Israel,Wheat and Wheat Products,110.86,21.14,ISR,376,1405.71,457.75
Israel,Rice,16.810000000000002,21.51,ISR,376,1405.71,457.75
Israel,Soybeans,0.1,0.05,ISR,376,1405.71,457.75
Israel,Nuts inc. Peanut Butter,7.71,13.65,ISR,376,1405.71,457.75
Switzerland,Pork,31.49,111.46,CHE,756,1356.75,514.9
Switzerland,Poultry,16.38,17.6,CHE,756,1356.75,514.9
Switzerland,Beef,21.26,656.04,CHE,756,1356.75,514.9
Switzerland,Lamb & Goat,1.42,49.73,CHE,756,1356.75,514.9
Switzerland,Fish,13.48,21.52,CHE,756,1356.75,514.9
Switzerland,Eggs,10.53,9.67,CHE,756,1356.75,514.9
Switzerland,Milk - inc. cheese,318.69,453.94,CHE,756,1356.75,514.9
Switzerland,Wheat and Wheat Products,89.51,17.07,CHE,756,1356.75,514.9
Switzerland,Rice,2.43,3.11,CHE,756,1356.75,514.9
Switzerland,Soybeans,0.44,0.2,CHE,756,1356.75,514.9
Switzerland,Nuts inc. Peanut Butter,9.27,16.41,CHE,756,1356.75,514.9
Netherlands,Pork,36.36,128.7,NLD,528,1292.82,534.1700000000001
Netherlands,Poultry,23.9,25.67,NLD,528,1292.82,534.1700000000001
Netherlands,Beef,17.67,545.26,NLD,528,1292.82,534.1700000000001
Netherlands,Lamb & Goat,0.94,32.92,NLD,528,1292.82,534.1700000000001
Netherlands,Fish,18.64,29.76,NLD,528,1292.82,534.1700000000001
Netherlands,Eggs,14.03,12.89,NLD,528,1292.82,534.1700000000001
Netherlands,Milk - inc. cheese,341.47,486.39,NLD,528,1292.82,534.1700000000001
Netherlands,Wheat and Wheat Products,70.16999999999999,13.38,NLD,528,1292.82,534.1700000000001
Netherlands,Rice,2.93,3.75,NLD,528,1292.82,534.1700000000001
Netherlands,Soybeans,0.12,0.05,NLD,528,1292.82,534.1700000000001
Netherlands,Nuts inc. Peanut Butter,7.94,14.05,NLD,528,1292.82,534.1700000000001
Kuwait,Pork,0.0,0.0,KWT,414,1345.44,410.38
Kuwait,Poultry,53.61,57.59,KWT,414,1345.44,410.38
Kuwait,Beef,13.03,402.08,KWT,414,1345.44,410.38
Kuwait,Lamb & Goat,15.61,546.66,KWT,414,1345.44,410.38
Kuwait,Fish,11.99,19.14,KWT,414,1345.44,410.38
Kuwait,Eggs,12.6,11.57,KWT,414,1345.44,410.38
Kuwait,Milk - inc. cheese,157.66,224.57,KWT,414,1345.44,410.38
Kuwait,Wheat and Wheat Products,96.76,18.45,KWT,414,1345.44,410.38
Kuwait,Rice,43.83,56.09,KWT,414,1345.44,410.38
Kuwait,Soybeans,0.06,0.03,KWT,414,1345.44,410.38
Kuwait,Nuts inc. Peanut Butter,5.23,9.26,KWT,414,1345.44,410.38
Austria,Pork,52.56,186.04,AUT,40,1211.16,469.14
Austria,Poultry,18.610000000000003,19.99,AUT,40,1211.16,469.14
Austria,Beef,17.14,528.9,AUT,40,1211.16,469.14
Austria,Lamb & Goat,1.16,40.620000000000005,AUT,40,1211.16,469.14
Austria,Fish,12.16,19.42,AUT,40,1211.16,469.14
Austria,Eggs,14.68,13.49,AUT,40,1211.16,469.14
Austria,Milk - inc. cheese,258.09,367.62,AUT,40,1211.16,469.14
Austria,Wheat and Wheat Products,81.1,15.47,AUT,40,1211.16,469.14
Austria,Rice,3.7,4.73,AUT,40,1211.16,469.14
Austria,Soybeans,2.06,0.93,AUT,40,1211.16,469.14
Austria,Nuts inc. Peanut Butter,7.88,13.95,AUT,40,1211.16,469.14
Oman,Pork,0.01,0.04,OMN,512,1296.7,363.66999999999996
Oman,Poultry,31.51,33.849999999999994,OMN,512,1296.7,363.66999999999996
Oman,Beef,15.1,465.95,OMN,512,1296.7,363.66999999999996
Oman,Lamb & Goat,12.87,450.71,OMN,512,1296.7,363.66999999999996
Oman,Fish,21.56,34.42,OMN,512,1296.7,363.66999999999996
Oman,Eggs,7.8,7.17,OMN,512,1296.7,363.66999999999996
Oman,Milk - inc. cheese,152.28,216.91,OMN,512,1296.7,363.66999999999996
Oman,Wheat and Wheat Products,64.1,12.22,OMN,512,1296.7,363.66999999999996
Oman,Rice,56.55,72.36999999999999,OMN,512,1296.7,363.66999999999996
Oman,Soybeans,0.21,0.09,OMN,512,1296.7,363.66999999999996
Oman,Nuts inc. Peanut Butter,1.6800000000000002,2.97,OMN,512,1296.7,363.66999999999996
Italy,Pork,40.28,142.57,ITA,380,1206.33,513.98
Italy,Poultry,18.610000000000003,19.99,ITA,380,1206.33,513.98
Italy,Beef,18.6,573.9599999999999,ITA,380,1206.33,513.98
Italy,Lamb & Goat,0.92,32.220000000000006,ITA,380,1206.33,513.98
Italy,Fish,15.6,24.91,ITA,380,1206.33,513.98
Italy,Eggs,13.34,12.25,ITA,380,1206.33,513.98
Italy,Milk - inc. cheese,246.88,351.66,ITA,380,1206.33,513.98
Italy,Wheat and Wheat Products,146.37,27.91,ITA,380,1206.33,513.98
Italy,Rice,5.74,7.35,ITA,380,1206.33,513.98
Italy,Soybeans,0.01,0.0,ITA,380,1206.33,513.98
Italy,Nuts inc. Peanut Butter,7.63,13.51,ITA,380,1206.33,513.98
Bahamas,Pork,32.74,115.88,BHS,44,1192.9,301.45
Bahamas,Poultry,45.74,49.13,BHS,44,1192.9,301.45
Bahamas,Beef,19.92,614.69,BHS,44,1192.9,301.45
Bahamas,Lamb & Goat,5.22,182.8,BHS,44,1192.9,301.45
Bahamas,Fish,18.8,30.02,BHS,44,1192.9,301.45
Bahamas,Eggs,6.2,5.7,BHS,44,1192.9,301.45
Bahamas,Milk - inc. cheese,104.76,149.22,BHS,44,1192.9,301.45
Bahamas,Wheat and Wheat Products,39.98,7.619999999999999,BHS,44,1192.9,301.45
Bahamas,Rice,23.97,30.67,BHS,44,1192.9,301.45
Bahamas,Soybeans,0.09,0.04,BHS,44,1192.9,301.45
Bahamas,Nuts inc. Peanut Butter,4.03,7.13,BHS,44,1192.9,301.45
Portugal,Pork,37.91,134.18,PRT,620,1174.28,459.44
Portugal,Poultry,30.14,32.379999999999995,PRT,620,1174.28,459.44
Portugal,Beef,16.45,507.61,PRT,620,1174.28,459.44
Portugal,Lamb & Goat,2.38,83.35,PRT,620,1174.28,459.44
Portugal,Fish,45.39,72.47,PRT,620,1174.28,459.44
Portugal,Eggs,9.05,8.31,PRT,620,1174.28,459.44
Portugal,Milk - inc. cheese,205.04,292.06,PRT,620,1174.28,459.44
Portugal,Wheat and Wheat Products,94.3,17.979999999999997,PRT,620,1174.28,459.44
Portugal,Rice,14.86,19.02,PRT,620,1174.28,459.44
Portugal,Soybeans,0.01,0.0,PRT,620,1174.28,459.44
Portugal,Nuts inc. Peanut Butter,3.91,6.92,PRT,620,1174.28,459.44
Malta,Pork,34.24,121.19,MLT,470,1147.91,457.54
Malta,Poultry,26.4,28.36,MLT,470,1147.91,457.54
Malta,Beef,19.22,593.09,MLT,470,1147.91,457.54
Malta,Lamb & Goat,1.1900000000000002,41.67,MLT,470,1147.91,457.54
Malta,Fish,24.58,39.25,MLT,470,1147.91,457.54
Malta,Eggs,11.64,10.69,MLT,470,1147.91,457.54
Malta,Milk - inc. cheese,190.06,270.72,MLT,470,1147.91,457.54
Malta,Wheat and Wheat Products,139.58,26.62,MLT,470,1147.91,457.54
Malta,Rice,4.96,6.35,MLT,470,1147.91,457.54
Malta,Soybeans,0.05,0.02,MLT,470,1147.91,457.54
Malta,Nuts inc. Peanut Butter,5.619999999999999,9.95,MLT,470,1147.91,457.54
Armenia,Pork,9.67,34.230000000000004,ARM,51,1109.93,407.11
Armenia,Poultry,13.35,14.34,ARM,51,1109.93,407.11
Armenia,Beef,19.66,606.6700000000001,ARM,51,1109.93,407.11
Armenia,Lamb & Goat,3.02,105.76,ARM,51,1109.93,407.11
Armenia,Fish,4.359999999999999,6.96,ARM,51,1109.93,407.11
Armenia,Eggs,11.69,10.739999999999998,ARM,51,1109.93,407.11
Armenia,Milk - inc. cheese,209.03,297.74,ARM,51,1109.93,407.11
Armenia,Wheat and Wheat Products,130.6,24.91,ARM,51,1109.93,407.11
Armenia,Rice,3.18,4.07,ARM,51,1109.93,407.11
Armenia,Soybeans,0.0,0.0,ARM,51,1109.93,407.11
Armenia,Nuts inc. Peanut Butter,2.55,4.51,ARM,51,1109.93,407.11
Slovenia,Pork,28.19,99.78,SVN,705,1111.5600000000002,436.41
Slovenia,Poultry,23.46,25.2,SVN,705,1111.5600000000002,436.41
Slovenia,Beef,18.43,568.71,SVN,705,1111.5600000000002,436.41
Slovenia,Lamb & Goat,0.7899999999999999,27.67,SVN,705,1111.5600000000002,436.41
Slovenia,Fish,7.76,12.39,SVN,705,1111.5600000000002,436.41
Slovenia,Eggs,9.36,8.6,SVN,705,1111.5600000000002,436.41
Slovenia,Milk - inc. cheese,235.01,334.75,SVN,705,1111.5600000000002,436.41
Slovenia,Wheat and Wheat Products,103.43,19.72,SVN,705,1111.5600000000002,436.41
Slovenia,Rice,3.95,5.05,SVN,705,1111.5600000000002,436.41
Slovenia,Soybeans,0.75,0.3399999999999999,SVN,705,1111.5600000000002,436.41
Slovenia,Nuts inc. Peanut Butter,5.28,9.35,SVN,705,1111.5600000000002,436.41
Chile,Pork,24.68,87.35,CHL,152,1099.57,335.06
Chile,Poultry,36.52,39.23,CHL,152,1099.57,335.06
Chile,Beef,23.86,736.2700000000001,CHL,152,1099.57,335.06
Chile,Lamb & Goat,0.42,14.71,CHL,152,1099.57,335.06
Chile,Fish,7.649999999999999,12.21,CHL,152,1099.57,335.06
Chile,Eggs,9.97,9.16,CHL,152,1099.57,335.06
Chile,Milk - inc. cheese,116.11,165.39,CHL,152,1099.57,335.06
Chile,Wheat and Wheat Products,104.74,19.97,CHL,152,1099.57,335.06
Chile,Rice,8.850000000000001,11.33,CHL,152,1099.57,335.06
Chile,Soybeans,0.04,0.02,CHL,152,1099.57,335.06
Chile,Nuts inc. Peanut Butter,2.22,3.93,CHL,152,1099.57,335.06
Belgium,Pork,38.65,136.8,BEL,56,1102.09,463.46
Belgium,Poultry,12.2,13.11,BEL,56,1102.09,463.46
Belgium,Beef,15.63,482.31,BEL,56,1102.09,463.46
Belgium,Lamb & Goat,1.32,46.23,BEL,56,1102.09,463.46
Belgium,Fish,18.97,30.29,BEL,56,1102.09,463.46
Belgium,Eggs,12.59,11.57,BEL,56,1102.09,463.46
Belgium,Milk - inc. cheese,236.19,336.42999999999995,BEL,56,1102.09,463.46
Belgium,Wheat and Wheat Products,111.91,21.34,BEL,56,1102.09,463.46
Belgium,Rice,8.61,11.02,BEL,56,1102.09,463.46
Belgium,Soybeans,0.07,0.03,BEL,56,1102.09,463.46
Belgium,Nuts inc. Peanut Butter,7.319999999999999,12.96,BEL,56,1102.09,463.46
Germany,Pork,51.81,183.38,DEU,276,1066.29,461.1
Germany,Poultry,17.75,19.07,DEU,276,1066.29,461.1
Germany,Beef,13.16,406.09,DEU,276,1066.29,461.1
Germany,Lamb & Goat,0.73,25.56,DEU,276,1066.29,461.1
Germany,Fish,11.16,17.82,DEU,276,1066.29,461.1
Germany,Eggs,12.2,11.21,DEU,276,1066.29,461.1
Germany,Milk - inc. cheese,258.7,368.49,DEU,276,1066.29,461.1
Germany,Wheat and Wheat Products,83.41000000000001,15.91,DEU,276,1066.29,461.1
Germany,Rice,3.34,4.2700000000000005,DEU,276,1066.29,461.1
Germany,Soybeans,0.88,0.4,DEU,276,1066.29,461.1
Germany,Nuts inc. Peanut Butter,7.96,14.09,DEU,276,1066.29,461.1
Croatia,Pork,42.790000000000006,151.46,HRV,191,996.15,433.87
Croatia,Poultry,8.52,9.15,HRV,191,996.15,433.87
Croatia,Beef,12.41,382.95,HRV,191,996.15,433.87
Croatia,Lamb & Goat,1.71,59.88,HRV,191,996.15,433.87
Croatia,Fish,15.83,25.28,HRV,191,996.15,433.87
Croatia,Eggs,8.48,7.79,HRV,191,996.15,433.87
Croatia,Milk - inc. cheese,231.02,329.06,HRV,191,996.15,433.87
Croatia,Wheat and Wheat Products,106.59,20.33,HRV,191,996.15,433.87
Croatia,Rice,2.64,3.38,HRV,191,996.15,433.87
Croatia,Soybeans,0.0,0.0,HRV,191,996.15,433.87
Croatia,Nuts inc. Peanut Butter,3.88,6.87,HRV,191,996.15,433.87
Belarus,Pork,40.37,142.89,BLR,112,960.22,321.53
Belarus,Poultry,31.29,33.61,BLR,112,960.22,321.53
Belarus,Beef,17.110000000000003,527.98,BLR,112,960.22,321.53
Belarus,Lamb & Goat,0.11,3.85,BLR,112,960.22,321.53
Belarus,Fish,15.75,25.15,BLR,112,960.22,321.53
Belarus,Eggs,15.86,14.57,BLR,112,960.22,321.53
Belarus,Milk - inc. cheese,133.73,190.49,BLR,112,960.22,321.53
Belarus,Wheat and Wheat Products,60.48,11.53,BLR,112,960.22,321.53
Belarus,Rice,3.17,4.06,BLR,112,960.22,321.53
Belarus,Soybeans,0.3,0.14,BLR,112,960.22,321.53
Belarus,Nuts inc. Peanut Butter,3.36,5.95,BLR,112,960.22,321.53
Spain,Pork,48.92,173.15,ESP,724,988.47,407.96
Spain,Poultry,28.630000000000003,30.75,ESP,724,988.47,407.96
Spain,Beef,12.15,374.92,ESP,724,988.47,407.96
Spain,Lamb & Goat,2.16,75.64,ESP,724,988.47,407.96
Spain,Fish,28.83,46.03,ESP,724,988.47,407.96
Spain,Eggs,13.32,12.239999999999998,ESP,724,988.47,407.96
Spain,Milk - inc. cheese,164.29,234.01,ESP,724,988.47,407.96
Spain,Wheat and Wheat Products,93.88,17.9,ESP,724,988.47,407.96
Spain,Rice,8.32,10.65,ESP,724,988.47,407.96
Spain,Soybeans,0.02,0.01,ESP,724,988.47,407.96
Spain,Nuts inc. Peanut Butter,7.44,13.17,ESP,724,988.47,407.96
Paraguay,Pork,26.24,92.88,PRY,600,876.6700000000001,189.17
Paraguay,Poultry,6.39,6.859999999999999,PRY,600,876.6700000000001,189.17
Paraguay,Beef,19.81,611.2900000000001,PRY,600,876.6700000000001,189.17
Paraguay,Lamb & Goat,0.56,19.610000000000003,PRY,600,876.6700000000001,189.17
Paraguay,Fish,3.6,5.75,PRY,600,876.6700000000001,189.17
Paraguay,Eggs,18.83,17.3,PRY,600,876.6700000000001,189.17
Paraguay,Milk - inc. cheese,75.72,107.86,PRY,600,876.6700000000001,189.17
Paraguay,Wheat and Wheat Products,31.51,6.01,PRY,600,876.6700000000001,189.17
Paraguay,Rice,4.91,6.28,PRY,600,876.6700000000001,189.17
Paraguay,Soybeans,0.0,0.0,PRY,600,876.6700000000001,189.17
Paraguay,Nuts inc. Peanut Butter,1.6,2.83,PRY,600,876.6700000000001,189.17
New Caledonia,Pork,19.9,70.44000000000001,NCL,540,918.62,321.24
New Caledonia,Poultry,44.36,47.65,NCL,540,918.62,321.24
New Caledonia,Beef,16.07,495.89,NCL,540,918.62,321.24
New Caledonia,Lamb & Goat,1.95,68.29,NCL,540,918.62,321.24
New Caledonia,Fish,19.38,30.94,NCL,540,918.62,321.24
New Caledonia,Eggs,8.850000000000001,8.129999999999999,NCL,540,918.62,321.24
New Caledonia,Milk - inc. cheese,108.0,153.84,NCL,540,918.62,321.24
New Caledonia,Wheat and Wheat Products,81.75,15.59,NCL,540,918.62,321.24
New Caledonia,Rice,17.47,22.36,NCL,540,918.62,321.24
New Caledonia,Soybeans,0.55,0.25,NCL,540,918.62,321.24
New Caledonia,Nuts inc. Peanut Butter,2.96,5.24,NCL,540,918.62,321.24
South Africa,Pork,4.159999999999999,14.72,ZAF,710,892.4100000000001,212.41
South Africa,Poultry,37.57,40.36,ZAF,710,892.4100000000001,212.41
South Africa,Beef,18.03,556.37,ZAF,710,892.4100000000001,212.41
South Africa,Lamb & Goat,4.28,149.89,ZAF,710,892.4100000000001,212.41
South Africa,Fish,5.56,8.88,ZAF,710,892.4100000000001,212.41
South Africa,Eggs,7.21,6.619999999999999,ZAF,710,892.4100000000001,212.41
South Africa,Milk - inc. cheese,55.75,79.41000000000001,ZAF,710,892.4100000000001,212.41
South Africa,Wheat and Wheat Products,60.13,11.47,ZAF,710,892.4100000000001,212.41
South Africa,Rice,17.41,22.28,ZAF,710,892.4100000000001,212.41
South Africa,Soybeans,1.27,0.5700000000000001,ZAF,710,892.4100000000001,212.41
South Africa,Nuts inc. Peanut Butter,1.04,1.84,ZAF,710,892.4100000000001,212.41
Barbados,Pork,8.3,29.38,BRB,52,889.11,311.26
Barbados,Poultry,42.620000000000005,45.78,BRB,52,889.11,311.26
Barbados,Beef,13.13,405.16,BRB,52,889.11,311.26
Barbados,Lamb & Goat,4.08,142.88000000000002,BRB,52,889.11,311.26
Barbados,Fish,37.41,59.73,BRB,52,889.11,311.26
Barbados,Eggs,9.61,8.83,BRB,52,889.11,311.26
Barbados,Milk - inc. cheese,110.48,157.37,BRB,52,889.11,311.26
Barbados,Wheat and Wheat Products,65.71000000000001,12.53,BRB,52,889.11,311.26
Barbados,Rice,15.66,20.04,BRB,52,889.11,311.26
Barbados,Soybeans,0.1,0.05,BRB,52,889.11,311.26
Barbados,Nuts inc. Peanut Butter,4.159999999999999,7.359999999999999,BRB,52,889.11,311.26
Lithuania,Pork,45.67,161.65,LTU,440,868.9000000000001,555.01
Lithuania,Poultry,26.84,28.83,LTU,440,868.9000000000001,555.01
Lithuania,Beef,4.49,138.55,LTU,440,868.9000000000001,555.01
Lithuania,Lamb & Goat,0.24,8.4,LTU,440,868.9000000000001,555.01
Lithuania,Fish,42.39,67.67999999999999,LTU,440,868.9000000000001,555.01
Lithuania,Eggs,13.11,12.04,LTU,440,868.9000000000001,555.01
Lithuania,Milk - inc. cheese,295.46,420.85,LTU,440,868.9000000000001,555.01
Lithuania,Wheat and Wheat Products,121.59,23.19,LTU,440,868.9000000000001,555.01
Lithuania,Rice,3.07,3.93,LTU,440,868.9000000000001,555.01
Lithuania,Soybeans,0.02,0.01,LTU,440,868.9000000000001,555.01
Lithuania,Nuts inc. Peanut Butter,2.13,3.77,LTU,440,868.9000000000001,555.01
Turkey,Pork,0.01,0.04,TUR,792,897.01,433.21
Turkey,Poultry,18.78,20.17,TUR,792,897.01,433.21
Turkey,Beef,11.64,359.19,TUR,792,897.01,433.21
Turkey,Lamb & Goat,4.68,163.89,TUR,792,897.01,433.21
Turkey,Fish,5.58,8.91,TUR,792,897.01,433.21
Turkey,Eggs,8.2,7.53,TUR,792,897.01,433.21
Turkey,Milk - inc. cheese,193.94,276.25,TUR,792,897.01,433.21
Turkey,Wheat and Wheat Products,169.96,32.41,TUR,792,897.01,433.21
Turkey,Rice,10.739999999999998,13.739999999999998,TUR,792,897.01,433.21
Turkey,Soybeans,1.71,0.77,TUR,792,897.01,433.21
Turkey,Nuts inc. Peanut Butter,7.970000000000001,14.11,TUR,792,897.01,433.21
Estonia,Pork,29.68,105.05,EST,233,830.72,464.96000000000004
Estonia,Poultry,21.110000000000003,22.68,EST,233,830.72,464.96000000000004
Estonia,Beef,7.19,221.87,EST,233,830.72,464.96000000000004
Estonia,Lamb & Goat,0.44,15.41,EST,233,830.72,464.96000000000004
Estonia,Fish,12.78,20.41,EST,233,830.72,464.96000000000004
Estonia,Eggs,12.66,11.63,EST,233,830.72,464.96000000000004
Estonia,Milk - inc. cheese,284.85,405.74,EST,233,830.72,464.96000000000004
Estonia,Wheat and Wheat Products,89.36,17.04,EST,233,830.72,464.96000000000004
Estonia,Rice,2.56,3.28,EST,233,830.72,464.96000000000004
Estonia,Soybeans,0.04,0.02,EST,233,830.72,464.96000000000004
Estonia,Nuts inc. Peanut Butter,4.29,7.59,EST,233,830.72,464.96000000000004
Mexico,Pork,15.23,53.91,MEX,484,797.13,242.72
Mexico,Poultry,30.12,32.349999999999994,MEX,484,797.13,242.72
Mexico,Beef,15.33,473.05,MEX,484,797.13,242.72
Mexico,Lamb & Goat,0.89,31.17,MEX,484,797.13,242.72
Mexico,Fish,7.56,12.07,MEX,484,797.13,242.72
Mexico,Eggs,18.34,16.85,MEX,484,797.13,242.72
Mexico,Milk - inc. cheese,111.87,159.35000000000002,MEX,484,797.13,242.72
Mexico,Wheat and Wheat Products,35.21,6.71,MEX,484,797.13,242.72
Mexico,Rice,5.64,7.22,MEX,484,797.13,242.72
Mexico,Soybeans,0.02,0.01,MEX,484,797.13,242.72
Mexico,Nuts inc. Peanut Butter,2.51,4.44,MEX,484,797.13,242.72
Costa Rica,Pork,10.28,36.39,CRI,188,891.27,343.07
Costa Rica,Poultry,24.47,26.29,CRI,188,891.27,343.07
Costa Rica,Beef,15.23,469.97,CRI,188,891.27,343.07
Costa Rica,Lamb & Goat,0.02,0.7,CRI,188,891.27,343.07
Costa Rica,Fish,11.32,18.07,CRI,188,891.27,343.07
Costa Rica,Eggs,10.55,9.69,CRI,188,891.27,343.07
Costa Rica,Milk - inc. cheese,183.28,261.06,CRI,188,891.27,343.07
Costa Rica,Wheat and Wheat Products,39.31,7.5,CRI,188,891.27,343.07
Costa Rica,Rice,45.690000000000005,58.47,CRI,188,891.27,343.07
Costa Rica,Soybeans,1.54,0.69,CRI,188,891.27,343.07
Costa Rica,Nuts inc. Peanut Butter,1.38,2.44,CRI,188,891.27,343.07
Ecuador,Pork,14.44,51.11,ECU,218,883.88,291.36
Ecuador,Poultry,21.85,23.47,ECU,218,883.88,291.36
Ecuador,Beef,16.610000000000003,512.55,ECU,218,883.88,291.36
Ecuador,Lamb & Goat,0.44,15.41,ECU,218,883.88,291.36
Ecuador,Fish,5.17,8.25,ECU,218,883.88,291.36
Ecuador,Eggs,8.01,7.359999999999999,ECU,218,883.88,291.36
Ecuador,Milk - inc. cheese,139.6,198.85,ECU,218,883.88,291.36
Ecuador,Wheat and Wheat Products,39.190000000000005,7.470000000000001,ECU,218,883.88,291.36
Ecuador,Rice,45.07,57.68,ECU,218,883.88,291.36
Ecuador,Soybeans,0.0,0.0,ECU,218,883.88,291.36
Ecuador,Nuts inc. Peanut Butter,0.98,1.73,ECU,218,883.88,291.36
Panama,Pork,13.48,47.71,PAN,591,928.4599999999999,260.53000000000003
Panama,Poultry,30.81,33.1,PAN,591,928.4599999999999,260.53000000000003
Panama,Beef,20.4,629.5,PAN,591,928.4599999999999,260.53000000000003
Panama,Lamb & Goat,0.01,0.35,PAN,591,928.4599999999999,260.53000000000003
Panama,Fish,11.05,17.64,PAN,591,928.4599999999999,260.53000000000003
Panama,Eggs,4.53,4.159999999999999,PAN,591,928.4599999999999,260.53000000000003
Panama,Milk - inc. cheese,70.29,100.12,PAN,591,928.4599999999999,260.53000000000003
Panama,Wheat and Wheat Products,38.96,7.430000000000001,PAN,591,928.4599999999999,260.53000000000003
Panama,Rice,66.42,85.0,PAN,591,928.4599999999999,260.53000000000003
Panama,Soybeans,3.53,1.59,PAN,591,928.4599999999999,260.53000000000003
Panama,Nuts inc. Peanut Butter,1.05,1.86,PAN,591,928.4599999999999,260.53000000000003
Romania,Pork,25.31,89.58,ROU,642,766.3000000000001,445.49
Romania,Poultry,15.38,16.52,ROU,642,766.3000000000001,445.49
Romania,Beef,4.78,147.5,ROU,642,766.3000000000001,445.49
Romania,Lamb & Goat,3.41,119.42,ROU,642,766.3000000000001,445.49
Romania,Fish,6.07,9.69,ROU,642,766.3000000000001,445.49
Romania,Eggs,12.94,11.89,ROU,642,766.3000000000001,445.49
Romania,Milk - inc. cheese,238.33,339.48,ROU,642,766.3000000000001,445.49
Romania,Wheat and Wheat Products,134.87,25.72,ROU,642,766.3000000000001,445.49
Romania,Rice,2.59,3.31,ROU,642,766.3000000000001,445.49
Romania,Soybeans,0.01,0.0,ROU,642,766.3000000000001,445.49
Romania,Nuts inc. Peanut Butter,1.8,3.19,ROU,642,766.3000000000001,445.49
Colombia,Pork,6.51,23.04,COL,170,781.53,235.03
Colombia,Poultry,27.57,29.62,COL,170,781.53,235.03
Colombia,Beef,16.36,504.84,COL,170,781.53,235.03
Colombia,Lamb & Goat,0.21,7.35,COL,170,781.53,235.03
Colombia,Fish,6.01,9.6,COL,170,781.53,235.03
Colombia,Eggs,10.78,9.9,COL,170,781.53,235.03
Colombia,Milk - inc. cheese,108.47,154.5,COL,170,781.53,235.03
Colombia,Wheat and Wheat Products,29.79,5.68,COL,170,781.53,235.03
Colombia,Rice,28.02,35.86,COL,170,781.53,235.03
Colombia,Soybeans,0.89,0.4,COL,170,781.53,235.03
Colombia,Nuts inc. Peanut Butter,0.42,0.74,COL,170,781.53,235.03
Maldives,Pork,1.22,4.319999999999999,MDV,462,903.46,476.3299999999999
Maldives,Poultry,18.47,19.84,MDV,462,903.46,476.3299999999999
Maldives,Beef,9.44,291.3,MDV,462,903.46,476.3299999999999
Maldives,Lamb & Goat,0.7,24.51,MDV,462,903.46,476.3299999999999
Maldives,Fish,179.70999999999998,286.94,MDV,462,903.46,476.3299999999999
Maldives,Eggs,10.79,9.91,MDV,462,903.46,476.3299999999999
Maldives,Milk - inc. cheese,111.47,158.78,MDV,462,903.46,476.3299999999999
Maldives,Wheat and Wheat Products,77.77,14.83,MDV,462,903.46,476.3299999999999
Maldives,Rice,50.73,64.92,MDV,462,903.46,476.3299999999999
Maldives,Soybeans,0.2,0.09,MDV,462,903.46,476.3299999999999
Maldives,Nuts inc. Peanut Butter,15.83,28.02,MDV,462,903.46,476.3299999999999
Cyprus,Pork,38.38,135.85000000000002,CYP,196,741.37,303.65000000000003
Cyprus,Poultry,24.45,26.26,CYP,196,741.37,303.65000000000003
Cyprus,Beef,5.79,178.67,CYP,196,741.37,303.65000000000003
Cyprus,Lamb & Goat,5.05,176.85000000000002,CYP,196,741.37,303.65000000000003
Cyprus,Fish,14.86,23.73,CYP,196,741.37,303.65000000000003
Cyprus,Eggs,8.98,8.25,CYP,196,741.37,303.65000000000003
Cyprus,Milk - inc. cheese,113.31,161.4,CYP,196,741.37,303.65000000000003
Cyprus,Wheat and Wheat Products,83.25,15.88,CYP,196,741.37,303.65000000000003
Cyprus,Rice,4.94,6.319999999999999,CYP,196,741.37,303.65000000000003
Cyprus,Soybeans,0.04,0.02,CYP,196,741.37,303.65000000000003
Cyprus,Nuts inc. Peanut Butter,4.6,8.139999999999999,CYP,196,741.37,303.65000000000003
Serbia,Pork,32.04,113.41,SRB,688,723.34,326.71
Serbia,Poultry,10.64,11.43,SRB,688,723.34,326.71
Serbia,Beef,7.05,217.55,SRB,688,723.34,326.71
Serbia,Lamb & Goat,3.56,124.67,SRB,688,723.34,326.71
Serbia,Fish,5.59,8.93,SRB,688,723.34,326.71
Serbia,Eggs,8.89,8.17,SRB,688,723.34,326.71
Serbia,Milk - inc. cheese,148.53,211.57,SRB,688,723.34,326.71
Serbia,Wheat and Wheat Products,105.88,20.19,SRB,688,723.34,326.71
Serbia,Rice,1.22,1.56,SRB,688,723.34,326.71
Serbia,Soybeans,0.0,0.0,SRB,688,723.34,326.71
Serbia,Nuts inc. Peanut Butter,3.31,5.859999999999999,SRB,688,723.34,326.71
United Arab Emirates,Pork,0.0,0.0,ARE,784,897.32,397.71
United Arab Emirates,Poultry,41.04,44.09,ARE,784,897.32,397.71
United Arab Emirates,Beef,5.64,174.04,ARE,784,897.32,397.71
United Arab Emirates,Lamb & Goat,9.08,317.98,ARE,784,897.32,397.71
United Arab Emirates,Fish,20.41,32.59,ARE,784,897.32,397.71
United Arab Emirates,Eggs,8.229999999999999,7.56,ARE,784,897.32,397.71
United Arab Emirates,Milk - inc. cheese,132.66,188.96,ARE,784,897.32,397.71
United Arab Emirates,Wheat and Wheat Products,101.29,19.32,ARE,784,897.32,397.71
United Arab Emirates,Rice,56.25,71.98,ARE,784,897.32,397.71
United Arab Emirates,Soybeans,0.08,0.04,ARE,784,897.32,397.71
United Arab Emirates,Nuts inc. Peanut Butter,23.03,40.760000000000005,ARE,784,897.32,397.71
Algeria,Pork,0.0,0.0,DZA,12,707.88,364.51
Algeria,Poultry,7.42,7.970000000000001,DZA,12,707.88,364.51
Algeria,Beef,5.6,172.8,DZA,12,707.88,364.51
Algeria,Lamb & Goat,7.689999999999999,269.3,DZA,12,707.88,364.51
Algeria,Fish,3.74,5.970000000000001,DZA,12,707.88,364.51
Algeria,Eggs,8.06,7.4,DZA,12,707.88,364.51
Algeria,Milk - inc. cheese,141.53,201.6,DZA,12,707.88,364.51
Algeria,Wheat and Wheat Products,185.42,35.36,DZA,12,707.88,364.51
Algeria,Rice,2.97,3.8,DZA,12,707.88,364.51
Algeria,Soybeans,0.0,0.0,DZA,12,707.88,364.51
Algeria,Nuts inc. Peanut Butter,2.08,3.68,DZA,12,707.88,364.51
Ukraine,Pork,20.56,72.77,UKR,804,665.73,343.28000000000003
Ukraine,Poultry,24.23,26.03,UKR,804,665.73,343.28000000000003
Ukraine,Beef,8.96,276.48999999999995,UKR,804,665.73,343.28000000000003
Ukraine,Lamb & Goat,0.41,14.36,UKR,804,665.73,343.28000000000003
Ukraine,Fish,15.23,24.32,UKR,804,665.73,343.28000000000003
Ukraine,Eggs,18.01,16.54,UKR,804,665.73,343.28000000000003
Ukraine,Milk - inc. cheese,145.03,206.58,UKR,804,665.73,343.28000000000003
Ukraine,Wheat and Wheat Products,105.15,20.05,UKR,804,665.73,343.28000000000003
Ukraine,Rice,3.0,3.84,UKR,804,665.73,343.28000000000003
Ukraine,Soybeans,0.02,0.01,UKR,804,665.73,343.28000000000003
Ukraine,Nuts inc. Peanut Butter,2.68,4.74,UKR,804,665.73,343.28000000000003
Pakistan,Pork,0.0,0.0,PAK,586,669.07,330.95
Pakistan,Poultry,5.01,5.38,PAK,586,669.07,330.95
Pakistan,Beef,8.82,272.17,PAK,586,669.07,330.95
Pakistan,Lamb & Goat,2.46,86.14999999999999,PAK,586,669.07,330.95
Pakistan,Fish,1.87,2.99,PAK,586,669.07,330.95
Pakistan,Eggs,2.95,2.71,PAK,586,669.07,330.95
Pakistan,Milk - inc. cheese,183.13,260.85,PAK,586,669.07,330.95
Pakistan,Wheat and Wheat Products,113.63,21.67,PAK,586,669.07,330.95
Pakistan,Rice,12.25,15.68,PAK,586,669.07,330.95
Pakistan,Soybeans,0.0,0.0,PAK,586,669.07,330.95
Pakistan,Nuts inc. Peanut Butter,0.8300000000000001,1.47,PAK,586,669.07,330.95
Latvia,Pork,34.96,123.74,LVA,428,633.58,348.53999999999996
Latvia,Poultry,20.53,22.05,LVA,428,633.58,348.53999999999996
Latvia,Beef,5.109999999999999,157.68,LVA,428,633.58,348.53999999999996
Latvia,Lamb & Goat,0.3399999999999999,11.91,LVA,428,633.58,348.53999999999996
Latvia,Fish,21.3,34.01,LVA,428,633.58,348.53999999999996
Latvia,Eggs,14.03,12.89,LVA,428,633.58,348.53999999999996
Latvia,Milk - inc. cheese,174.11,248.0,LVA,428,633.58,348.53999999999996
Latvia,Wheat and Wheat Products,72.13,13.76,LVA,428,633.58,348.53999999999996
Latvia,Rice,2.21,2.83,LVA,428,633.58,348.53999999999996
Latvia,Soybeans,0.04,0.02,LVA,428,633.58,348.53999999999996
Latvia,Nuts inc. Peanut Butter,3.78,6.69,LVA,428,633.58,348.53999999999996
Bosnia and Herzegovina,Pork,9.38,33.2,BIH,70,628.1800000000001,313.64
Bosnia and Herzegovina,Poultry,13.17,14.15,BIH,70,628.1800000000001,313.64
Bosnia and Herzegovina,Beef,9.12,281.42,BIH,70,628.1800000000001,313.64
Bosnia and Herzegovina,Lamb & Goat,0.47,16.459999999999997,BIH,70,628.1800000000001,313.64
Bosnia and Herzegovina,Fish,4.06,6.48,BIH,70,628.1800000000001,313.64
Bosnia and Herzegovina,Eggs,4.49,4.119999999999999,BIH,70,628.1800000000001,313.64
Bosnia and Herzegovina,Milk - inc. cheese,174.03,247.89,BIH,70,628.1800000000001,313.64
Bosnia and Herzegovina,Wheat and Wheat Products,93.56,17.84,BIH,70,628.1800000000001,313.64
Bosnia and Herzegovina,Rice,1.88,2.41,BIH,70,628.1800000000001,313.64
Bosnia and Herzegovina,Soybeans,1.48,0.6699999999999999,BIH,70,628.1800000000001,313.64
Bosnia and Herzegovina,Nuts inc. Peanut Butter,2.0,3.54,BIH,70,628.1800000000001,313.64
Fiji,Pork,4.31,15.26,FJI,242,716.0899999999999,252.52
Fiji,Poultry,20.26,21.76,FJI,242,716.0899999999999,252.52
Fiji,Beef,8.96,276.48999999999995,FJI,242,716.0899999999999,252.52
Fiji,Lamb & Goat,5.9,206.62,FJI,242,716.0899999999999,252.52
Fiji,Fish,35.01,55.9,FJI,242,716.0899999999999,252.52
Fiji,Eggs,6.44,5.92,FJI,242,716.0899999999999,252.52
Fiji,Milk - inc. cheese,40.2,57.260000000000005,FJI,242,716.0899999999999,252.52
Fiji,Wheat and Wheat Products,84.22,16.06,FJI,242,716.0899999999999,252.52
Fiji,Rice,45.620000000000005,58.38,FJI,242,716.0899999999999,252.52
Fiji,Soybeans,0.3,0.14,FJI,242,716.0899999999999,252.52
Fiji,Nuts inc. Peanut Butter,1.3,2.3,FJI,242,716.0899999999999,252.52
Poland,Pork,46.190000000000005,163.49,POL,616,607.4,411.42
Poland,Poultry,27.41,29.44,POL,616,607.4,411.42
Poland,Beef,2.32,71.59,POL,616,607.4,411.42
Poland,Lamb & Goat,0.02,0.7,POL,616,607.4,411.42
Poland,Fish,10.49,16.75,POL,616,607.4,411.42
Poland,Eggs,7.53,6.92,POL,616,607.4,411.42
Poland,Milk - inc. cheese,205.39,292.56,POL,616,607.4,411.42
Poland,Wheat and Wheat Products,108.83,20.75,POL,616,607.4,411.42
Poland,Rice,0.95,1.22,POL,616,607.4,411.42
Poland,Soybeans,0.06,0.03,POL,616,607.4,411.42
Poland,Nuts inc. Peanut Butter,2.23,3.95,POL,616,607.4,411.42
Saudi Arabia,Pork,0.0,0.0,SAU,682,692.86,291.82
Saudi Arabia,Poultry,49.05,52.690000000000005,SAU,682,692.86,291.82
Saudi Arabia,Beef,6.45,199.03,SAU,682,692.86,291.82
Saudi Arabia,Lamb & Goat,6.54,229.03,SAU,682,692.86,291.82
Saudi Arabia,Fish,11.99,19.14,SAU,682,692.86,291.82
Saudi Arabia,Eggs,5.37,4.930000000000001,SAU,682,692.86,291.82
Saudi Arabia,Milk - inc. cheese,83.64999999999999,119.15,SAU,682,692.86,291.82
Saudi Arabia,Wheat and Wheat Products,89.47,17.06,SAU,682,692.86,291.82
Saudi Arabia,Rice,36.02,46.09,SAU,682,692.86,291.82
Saudi Arabia,Soybeans,0.05,0.02,SAU,682,692.86,291.82
Saudi Arabia,Nuts inc. Peanut Butter,3.23,5.72,SAU,682,692.86,291.82
Botswana,Pork,0.74,2.62,BWA,72,576.8399999999999,188.85
Botswana,Poultry,5.33,5.73,BWA,72,576.8399999999999,188.85
Botswana,Beef,7.85,242.23,BWA,72,576.8399999999999,188.85
Botswana,Lamb & Goat,3.76,131.67,BWA,72,576.8399999999999,188.85
Botswana,Fish,3.98,6.35,BWA,72,576.8399999999999,188.85
Botswana,Eggs,1.95,1.79,BWA,72,576.8399999999999,188.85
Botswana,Milk - inc. cheese,117.74,167.70999999999998,BWA,72,576.8399999999999,188.85
Botswana,Wheat and Wheat Products,38.2,7.28,BWA,72,576.8399999999999,188.85
Botswana,Rice,7.06,9.03,BWA,72,576.8399999999999,188.85
Botswana,Soybeans,1.16,0.52,BWA,72,576.8399999999999,188.85
Botswana,Nuts inc. Peanut Butter,1.08,1.91,BWA,72,576.8399999999999,188.85
Hungary,Pork,34.93,123.63,HUN,348,576.79,352.99
Hungary,Poultry,23.78,25.54,HUN,348,576.79,352.99
Hungary,Beef,4.96,153.06,HUN,348,576.79,352.99
Hungary,Lamb & Goat,0.11,3.85,HUN,348,576.79,352.99
Hungary,Fish,4.930000000000001,7.87,HUN,348,576.79,352.99
Hungary,Eggs,12.45,11.44,HUN,348,576.79,352.99
Hungary,Milk - inc. cheese,159.05,226.55,HUN,348,576.79,352.99
Hungary,Wheat and Wheat Products,109.98,20.97,HUN,348,576.79,352.99
Hungary,Rice,2.15,2.75,HUN,348,576.79,352.99
Hungary,Soybeans,0.01,0.0,HUN,348,576.79,352.99
Hungary,Nuts inc. Peanut Butter,0.64,1.13,HUN,348,576.79,352.99
Trinidad and Tobago,Pork,8.92,31.57,TTO,780,610.41,315.02
Trinidad and Tobago,Poultry,58.27,62.59,TTO,780,610.41,315.02
Trinidad and Tobago,Beef,6.13,189.16,TTO,780,610.41,315.02
Trinidad and Tobago,Lamb & Goat,2.79,97.71,TTO,780,610.41,315.02
Trinidad and Tobago,Fish,20.54,32.8,TTO,780,610.41,315.02
Trinidad and Tobago,Eggs,4.2,3.86,TTO,780,610.41,315.02
Trinidad and Tobago,Milk - inc. cheese,103.8,147.85000000000002,TTO,780,610.41,315.02
Trinidad and Tobago,Wheat and Wheat Products,90.17,17.2,TTO,780,610.41,315.02
Trinidad and Tobago,Rice,16.38,20.96,TTO,780,610.41,315.02
Trinidad and Tobago,Soybeans,0.04,0.02,TTO,780,610.41,315.02
Trinidad and Tobago,Nuts inc. Peanut Butter,3.78,6.69,TTO,780,610.41,315.02
Tunisia,Pork,0.0,0.0,TUN,788,618.89,370.93
Tunisia,Poultry,18.5,19.87,TUN,788,618.89,370.93
Tunisia,Beef,5.53,170.64,TUN,788,618.89,370.93
Tunisia,Lamb & Goat,5.34,187.01,TUN,788,618.89,370.93
Tunisia,Fish,12.63,20.17,TUN,788,618.89,370.93
Tunisia,Eggs,7.67,7.05,TUN,788,618.89,370.93
Tunisia,Milk - inc. cheese,114.47,163.05,TUN,788,618.89,370.93
Tunisia,Wheat and Wheat Products,197.5,37.66,TUN,788,618.89,370.93
Tunisia,Rice,1.07,1.37,TUN,788,618.89,370.93
Tunisia,Soybeans,1.88,0.8500000000000001,TUN,788,618.89,370.93
Tunisia,Nuts inc. Peanut Butter,6.34,11.22,TUN,788,618.89,370.93
Egypt,Pork,0.02,0.07,EGY,818,673.92,303.48
Egypt,Poultry,14.43,15.5,EGY,818,673.92,303.48
Egypt,Beef,12.88,397.45,EGY,818,673.92,303.48
Egypt,Lamb & Goat,1.58,55.33,EGY,818,673.92,303.48
Egypt,Fish,21.46,34.260000000000005,EGY,818,673.92,303.48
Egypt,Eggs,4.59,4.22,EGY,818,673.92,303.48
Egypt,Milk - inc. cheese,59.46,84.69,EGY,818,673.92,303.48
Egypt,Wheat and Wheat Products,146.83,28.0,EGY,818,673.92,303.48
Egypt,Rice,39.77,50.89,EGY,818,673.92,303.48
Egypt,Soybeans,0.64,0.29,EGY,818,673.92,303.48
Egypt,Nuts inc. Peanut Butter,1.82,3.22,EGY,818,673.92,303.48
Mauritius,Pork,4.08,14.44,MUS,480,672.07,358.12
Mauritius,Poultry,38.51,41.37,MUS,480,672.07,358.12
Mauritius,Beef,5.99,184.84,MUS,480,672.07,358.12
Mauritius,Lamb & Goat,4.08,142.88000000000002,MUS,480,672.07,358.12
Mauritius,Fish,19.66,31.39,MUS,480,672.07,358.12
Mauritius,Eggs,6.319999999999999,5.81,MUS,480,672.07,358.12
Mauritius,Milk - inc. cheese,117.27,167.04,MUS,480,672.07,358.12
Mauritius,Wheat and Wheat Products,114.02,21.74,MUS,480,672.07,358.12
Mauritius,Rice,45.56,58.3,MUS,480,672.07,358.12
Mauritius,Soybeans,0.3,0.14,MUS,480,672.07,358.12
Mauritius,Nuts inc. Peanut Butter,2.33,4.119999999999999,MUS,480,672.07,358.12
Bulgaria,Pork,26.26,92.95,BGR,100,560.16,348.42999999999995
Bulgaria,Poultry,20.68,22.21,BGR,100,560.16,348.42999999999995
Bulgaria,Beef,3.84,118.49,BGR,100,560.16,348.42999999999995
Bulgaria,Lamb & Goat,1.63,57.08,BGR,100,560.16,348.42999999999995
Bulgaria,Fish,6.24,9.96,BGR,100,560.16,348.42999999999995
Bulgaria,Eggs,8.360000000000001,7.68,BGR,100,560.16,348.42999999999995
Bulgaria,Milk - inc. cheese,155.70999999999998,221.79,BGR,100,560.16,348.42999999999995
Bulgaria,Wheat and Wheat Products,121.17,23.110000000000003,BGR,100,560.16,348.42999999999995
Bulgaria,Rice,2.24,2.87,BGR,100,560.16,348.42999999999995
Bulgaria,Soybeans,0.04,0.02,BGR,100,560.16,348.42999999999995
Bulgaria,Nuts inc. Peanut Butter,2.26,4.0,BGR,100,560.16,348.42999999999995
Morocco,Pork,0.01,0.04,MAR,504,576.42,296.01
Morocco,Poultry,20.77,22.31,MAR,504,576.42,296.01
Morocco,Beef,8.04,248.1,MAR,504,576.42,296.01
Morocco,Lamb & Goat,4.359999999999999,152.69,MAR,504,576.42,296.01
Morocco,Fish,17.439999999999998,27.85,MAR,504,576.42,296.01
Morocco,Eggs,6.68,6.14,MAR,504,576.42,296.01
Morocco,Milk - inc. cheese,54.68,77.89,MAR,504,576.42,296.01
Morocco,Wheat and Wheat Products,179.7,34.27,MAR,504,576.42,296.01
Morocco,Rice,1.1,1.41,MAR,504,576.42,296.01
Morocco,Soybeans,0.0,0.0,MAR,504,576.42,296.01
Morocco,Nuts inc. Peanut Butter,3.23,5.72,MAR,504,576.42,296.01
Slovakia,Pork,31.78,112.49,SVK,703,560.34,350.06
Slovakia,Poultry,15.13,16.25,SVK,703,560.34,350.06
Slovakia,Beef,5.19,160.15,SVK,703,560.34,350.06
Slovakia,Lamb & Goat,0.16,5.6,SVK,703,560.34,350.06
Slovakia,Fish,8.39,13.4,SVK,703,560.34,350.06
Slovakia,Eggs,16.05,14.739999999999998,SVK,703,560.34,350.06
Slovakia,Milk - inc. cheese,143.14,203.89,SVK,703,560.34,350.06
Slovakia,Wheat and Wheat Products,123.62,23.57,SVK,703,560.34,350.06
Slovakia,Rice,2.88,3.69,SVK,703,560.34,350.06
Slovakia,Soybeans,0.02,0.01,SVK,703,560.34,350.06
Slovakia,Nuts inc. Peanut Butter,3.7,6.55,SVK,703,560.34,350.06
Niger,Pork,0.09,0.32,NER,562,542.8900000000001,101.14
Niger,Poultry,1.08,1.16,NER,562,542.8900000000001,101.14
Niger,Beef,8.97,276.8,NER,562,542.8900000000001,101.14
Niger,Lamb & Goat,4.17,146.03,NER,562,542.8900000000001,101.14
Niger,Fish,2.7,4.31,NER,562,542.8900000000001,101.14
Niger,Eggs,0.3,0.28,NER,562,542.8900000000001,101.14
Niger,Milk - inc. cheese,58.92,83.93,NER,562,542.8900000000001,101.14
Niger,Wheat and Wheat Products,4.79,0.91,NER,562,542.8900000000001,101.14
Niger,Rice,13.17,16.85,NER,562,542.8900000000001,101.14
Niger,Soybeans,0.0,0.0,NER,562,542.8900000000001,101.14
Niger,Nuts inc. Peanut Butter,6.95,12.3,NER,562,542.8900000000001,101.14
Kenya,Pork,0.29,1.03,KEN,404,530.84,162.56
Kenya,Poultry,0.47,0.5,KEN,404,530.84,162.56
Kenya,Beef,9.54,294.38,KEN,404,530.84,162.56
Kenya,Lamb & Goat,1.86,65.14,KEN,404,530.84,162.56
Kenya,Fish,4.2700000000000005,6.819999999999999,KEN,404,530.84,162.56
Kenya,Eggs,1.84,1.6900000000000002,KEN,404,530.84,162.56
Kenya,Milk - inc. cheese,94.86,135.12,KEN,404,530.84,162.56
Kenya,Wheat and Wheat Products,34.65,6.609999999999999,KEN,404,530.84,162.56
Kenya,Rice,12.94,16.56,KEN,404,530.84,162.56
Kenya,Soybeans,0.2,0.09,KEN,404,530.84,162.56
Kenya,Nuts inc. Peanut Butter,1.64,2.9,KEN,404,530.84,162.56
Jordan,Pork,0.02,0.07,JOR,400,587.96,291.41999999999996
Jordan,Poultry,33.39,35.87,JOR,400,587.96,291.41999999999996
Jordan,Beef,5.609999999999999,173.11,JOR,400,587.96,291.41999999999996
Jordan,Lamb & Goat,5.68,198.91,JOR,400,587.96,291.41999999999996
Jordan,Fish,5.13,8.19,JOR,400,587.96,291.41999999999996
Jordan,Eggs,3.92,3.6,JOR,400,587.96,291.41999999999996
Jordan,Milk - inc. cheese,77.67999999999999,110.65,JOR,400,587.96,291.41999999999996
Jordan,Wheat and Wheat Products,136.73999999999998,26.08,JOR,400,587.96,291.41999999999996
Jordan,Rice,19.67,25.17,JOR,400,587.96,291.41999999999996
Jordan,Soybeans,0.02,0.01,JOR,400,587.96,291.41999999999996
Jordan,Nuts inc. Peanut Butter,3.56,6.3,JOR,400,587.96,291.41999999999996
Japan,Pork,20.62,72.98,JPN,392,644.0400000000001,286.46
Japan,Poultry,19.42,20.86,JPN,392,644.0400000000001,286.46
Japan,Beef,9.15,282.35,JPN,392,644.0400000000001,286.46
Japan,Lamb & Goat,0.14,4.9,JPN,392,644.0400000000001,286.46
Japan,Fish,31.1,49.66,JPN,392,644.0400000000001,286.46
Japan,Eggs,19.15,17.59,JPN,392,644.0400000000001,286.46
Japan,Milk - inc. cheese,72.06,102.64,JPN,392,644.0400000000001,286.46
Japan,Wheat and Wheat Products,45.04,8.59,JPN,392,644.0400000000001,286.46
Japan,Rice,59.85,76.59,JPN,392,644.0400000000001,286.46
Japan,Soybeans,7.34,3.3,JPN,392,644.0400000000001,286.46
Japan,Nuts inc. Peanut Butter,2.59,4.58,JPN,392,644.0400000000001,286.46
Georgia,Pork,8.93,31.610000000000003,GEO,268,527.03,362.22
Georgia,Poultry,12.28,13.19,GEO,268,527.03,362.22
Georgia,Beef,6.04,186.38,GEO,268,527.03,362.22
Georgia,Lamb & Goat,0.63,22.06,GEO,268,527.03,362.22
Georgia,Fish,10.42,16.64,GEO,268,527.03,362.22
Georgia,Eggs,6.119999999999999,5.619999999999999,GEO,268,527.03,362.22
Georgia,Milk - inc. cheese,149.26,212.61,GEO,268,527.03,362.22
Georgia,Wheat and Wheat Products,163.43,31.17,GEO,268,527.03,362.22
Georgia,Rice,2.64,3.38,GEO,268,527.03,362.22
Georgia,Soybeans,0.0,0.0,GEO,268,527.03,362.22
Georgia,Nuts inc. Peanut Butter,2.47,4.37,GEO,268,527.03,362.22
Grenada,Pork,11.52,40.78,GRD,308,439.85,254.25
Grenada,Poultry,43.51,46.74,GRD,308,439.85,254.25
Grenada,Beef,3.46,106.77,GRD,308,439.85,254.25
Grenada,Lamb & Goat,1.25,43.77,GRD,308,439.85,254.25
Grenada,Fish,27.95,44.63,GRD,308,439.85,254.25
Grenada,Eggs,10.34,9.5,GRD,308,439.85,254.25
Grenada,Milk - inc. cheese,86.88,123.75,GRD,308,439.85,254.25
Grenada,Wheat and Wheat Products,59.59,11.36,GRD,308,439.85,254.25
Grenada,Rice,9.56,12.23,GRD,308,439.85,254.25
Grenada,Soybeans,0.01,0.0,GRD,308,439.85,254.25
Grenada,Nuts inc. Peanut Butter,0.18,0.32,GRD,308,439.85,254.25
El Salvador,Pork,3.23,11.43,SLV,222,434.04,209.76
El Salvador,Poultry,19.84,21.31,SLV,222,434.04,209.76
El Salvador,Beef,5.95,183.6,SLV,222,434.04,209.76
El Salvador,Lamb & Goat,0.02,0.7,SLV,222,434.04,209.76
El Salvador,Fish,6.25,9.98,SLV,222,434.04,209.76
El Salvador,Eggs,9.51,8.739999999999998,SLV,222,434.04,209.76
El Salvador,Milk - inc. cheese,124.34,177.11,SLV,222,434.04,209.76
El Salvador,Wheat and Wheat Products,28.19,5.38,SLV,222,434.04,209.76
El Salvador,Rice,10.53,13.48,SLV,222,434.04,209.76
El Salvador,Soybeans,0.8,0.36,SLV,222,434.04,209.76
El Salvador,Nuts inc. Peanut Butter,1.1,1.95,SLV,222,434.04,209.76
Cuba,Pork,19.82,70.14999999999999,CUB,192,591.69,291.01
Cuba,Poultry,20.15,21.65,CUB,192,591.69,291.01
Cuba,Beef,6.39,197.18,CUB,192,591.69,291.01
Cuba,Lamb & Goat,1.24,43.42,CUB,192,591.69,291.01
Cuba,Fish,4.76,7.6,CUB,192,591.69,291.01
Cuba,Eggs,9.82,9.02,CUB,192,591.69,291.01
Cuba,Milk - inc. cheese,99.94,142.35000000000002,CUB,192,591.69,291.01
Cuba,Wheat and Wheat Products,54.620000000000005,10.42,CUB,192,591.69,291.01
Cuba,Rice,67.7,86.64,CUB,192,591.69,291.01
Cuba,Soybeans,6.34,2.85,CUB,192,591.69,291.01
Cuba,Nuts inc. Peanut Butter,0.23,0.41,CUB,192,591.69,291.01
China,Pork,38.43,136.02,CHN,156,640.19,283.9
China,Poultry,13.2,14.18,CHN,156,640.19,283.9
China,Beef,5.119999999999999,157.99,CHN,156,640.19,283.9
China,Lamb & Goat,3.13,109.61,CHN,156,640.19,283.9
China,Fish,21.01,33.55,CHN,156,640.19,283.9
China,Eggs,18.76,17.23,CHN,156,640.19,283.9
China,Milk - inc. cheese,32.660000000000004,46.52,CHN,156,640.19,283.9
China,Wheat and Wheat Products,63.36,12.08,CHN,156,640.19,283.9
China,Rice,78.17999999999999,100.05,CHN,156,640.19,283.9
China,Soybeans,3.66,1.65,CHN,156,640.19,283.9
China,Nuts inc. Peanut Butter,6.39,11.31,CHN,156,640.19,283.9
Honduras,Pork,6.48,22.94,HND,340,434.08,185.76
Honduras,Poultry,20.29,21.8,HND,340,434.08,185.76
Honduras,Beef,7.19,221.87,HND,340,434.08,185.76
Honduras,Lamb & Goat,0.04,1.4,HND,340,434.08,185.76
Honduras,Fish,2.7,4.31,HND,340,434.08,185.76
Honduras,Eggs,5.19,4.7700000000000005,HND,340,434.08,185.76
Honduras,Milk - inc. cheese,91.33,130.09,HND,340,434.08,185.76
Honduras,Wheat and Wheat Products,37.36,7.119999999999999,HND,340,434.08,185.76
Honduras,Rice,14.42,18.45,HND,340,434.08,185.76
Honduras,Soybeans,0.01,0.0,HND,340,434.08,185.76
Honduras,Nuts inc. Peanut Butter,0.75,1.33,HND,340,434.08,185.76
Angola,Pork,8.89,31.47,AGO,24,412.99,115.99000000000001
Angola,Poultry,17.330000000000002,18.62,AGO,24,412.99,115.99000000000001
Angola,Beef,8.42,259.82,AGO,24,412.99,115.99000000000001
Angola,Lamb & Goat,1.08,37.82,AGO,24,412.99,115.99000000000001
Angola,Fish,15.239999999999998,24.33,AGO,24,412.99,115.99000000000001
Angola,Eggs,1.11,1.02,AGO,24,412.99,115.99000000000001
Angola,Milk - inc. cheese,12.3,17.52,AGO,24,412.99,115.99000000000001
Angola,Wheat and Wheat Products,40.720000000000006,7.77,AGO,24,412.99,115.99000000000001
Angola,Rice,8.12,10.39,AGO,24,412.99,115.99000000000001
Angola,Soybeans,0.52,0.23,AGO,24,412.99,115.99000000000001
Angola,Nuts inc. Peanut Butter,2.26,4.0,AGO,24,412.99,115.99000000000001
Jamaica,Pork,3.99,14.12,JAM,388,450.83,273.02
Jamaica,Poultry,52.51,56.41,JAM,388,450.83,273.02
Jamaica,Beef,3.97,122.51,JAM,388,450.83,273.02
Jamaica,Lamb & Goat,1.26,44.13,JAM,388,450.83,273.02
Jamaica,Fish,21.95,35.05,JAM,388,450.83,273.02
Jamaica,Eggs,2.27,2.09,JAM,388,450.83,273.02
Jamaica,Milk - inc. cheese,91.13,129.81,JAM,388,450.83,273.02
Jamaica,Wheat and Wheat Products,70.66999999999999,13.48,JAM,388,450.83,273.02
Jamaica,Rice,23.45,30.01,JAM,388,450.83,273.02
Jamaica,Soybeans,0.0,0.0,JAM,388,450.83,273.02
Jamaica,Nuts inc. Peanut Butter,1.82,3.22,JAM,388,450.83,273.02
Namibia,Pork,4.21,14.9,NAM,516,362.11,151.15
Namibia,Poultry,12.19,13.09,NAM,516,362.11,151.15
Namibia,Beef,3.75,115.72,NAM,516,362.11,151.15
Namibia,Lamb & Goat,2.27,79.5,NAM,516,362.11,151.15
Namibia,Fish,10.7,17.08,NAM,516,362.11,151.15
Namibia,Eggs,1.63,1.5,NAM,516,362.11,151.15
Namibia,Milk - inc. cheese,73.05,104.05,NAM,516,362.11,151.15
Namibia,Wheat and Wheat Products,36.260000000000005,6.91,NAM,516,362.11,151.15
Namibia,Rice,6.31,8.07,NAM,516,362.11,151.15
Namibia,Soybeans,0.07,0.03,NAM,516,362.11,151.15
Namibia,Nuts inc. Peanut Butter,0.71,1.26,NAM,516,362.11,151.15
Belize,Pork,16.8,59.46,BLZ,84,433.08,232.77
Belize,Poultry,28.31,30.41,BLZ,84,433.08,232.77
Belize,Beef,4.859999999999999,149.97,BLZ,84,433.08,232.77
Belize,Lamb & Goat,0.14,4.9,BLZ,84,433.08,232.77
Belize,Fish,7.57,12.09,BLZ,84,433.08,232.77
Belize,Eggs,4.85,4.46,BLZ,84,433.08,232.77
Belize,Milk - inc. cheese,80.3,114.38,BLZ,84,433.08,232.77
Belize,Wheat and Wheat Products,54.06,10.31,BLZ,84,433.08,232.77
Belize,Rice,28.42,36.37,BLZ,84,433.08,232.77
Belize,Soybeans,1.88,0.8500000000000001,BLZ,84,433.08,232.77
Belize,Nuts inc. Peanut Butter,5.58,9.88,BLZ,84,433.08,232.77
Malaysia,Pork,7.76,27.47,MYS,458,554.64,282.74
Malaysia,Poultry,41.01,44.05,MYS,458,554.64,282.74
Malaysia,Beef,6.52,201.19,MYS,458,554.64,282.74
Malaysia,Lamb & Goat,0.94,32.92,MYS,458,554.64,282.74
Malaysia,Fish,49.43,78.92,MYS,458,554.64,282.74
Malaysia,Eggs,16.57,15.22,MYS,458,554.64,282.74
Malaysia,Milk - inc. cheese,25.28,36.01,MYS,458,554.64,282.74
Malaysia,Wheat and Wheat Products,51.04,9.73,MYS,458,554.64,282.74
Malaysia,Rice,81.25,103.98,MYS,458,554.64,282.74
Malaysia,Soybeans,0.04,0.02,MYS,458,554.64,282.74
Malaysia,Nuts inc. Peanut Butter,2.9,5.13,MYS,458,554.64,282.74
Zimbabwe,Pork,2.65,9.38,ZWE,716,350.33,96.56
Zimbabwe,Poultry,4.970000000000001,5.34,ZWE,716,350.33,96.56
Zimbabwe,Beef,7.37,227.42,ZWE,716,350.33,96.56
Zimbabwe,Lamb & Goat,0.96,33.620000000000005,ZWE,716,350.33,96.56
Zimbabwe,Fish,2.8,4.470000000000001,ZWE,716,350.33,96.56
Zimbabwe,Eggs,1.75,1.61,ZWE,716,350.33,96.56
Zimbabwe,Milk - inc. cheese,31.9,45.44,ZWE,716,350.33,96.56
Zimbabwe,Wheat and Wheat Products,31.31,5.970000000000001,ZWE,716,350.33,96.56
Zimbabwe,Rice,10.09,12.91,ZWE,716,350.33,96.56
Zimbabwe,Soybeans,0.54,0.24,ZWE,716,350.33,96.56
Zimbabwe,Nuts inc. Peanut Butter,2.22,3.93,ZWE,716,350.33,96.56
Guatemala,Pork,4.85,17.17,GTM,320,314.98,133.3
Guatemala,Poultry,16.45,17.67,GTM,320,314.98,133.3
Guatemala,Beef,5.6,172.8,GTM,320,314.98,133.3
Guatemala,Lamb & Goat,0.23,8.05,GTM,320,314.98,133.3
Guatemala,Fish,1.08,1.72,GTM,320,314.98,133.3
Guatemala,Eggs,14.61,13.42,GTM,320,314.98,133.3
Guatemala,Milk - inc. cheese,46.6,66.38,GTM,320,314.98,133.3
Guatemala,Wheat and Wheat Products,35.9,6.85,GTM,320,314.98,133.3
Guatemala,Rice,5.659999999999999,7.24,GTM,320,314.98,133.3
Guatemala,Soybeans,0.32,0.14,GTM,320,314.98,133.3
Guatemala,Nuts inc. Peanut Butter,2.0,3.54,GTM,320,314.98,133.3
Uganda,Pork,3.37,11.93,UGA,800,304.72,80.58
Uganda,Poultry,1.51,1.62,UGA,800,304.72,80.58
Uganda,Beef,5.15,158.92000000000002,UGA,800,304.72,80.58
Uganda,Lamb & Goat,1.25,43.77,UGA,800,304.72,80.58
Uganda,Fish,12.5,19.96,UGA,800,304.72,80.58
Uganda,Eggs,0.97,0.89,UGA,800,304.72,80.58
Uganda,Milk - inc. cheese,37.27,53.09,UGA,800,304.72,80.58
Uganda,Wheat and Wheat Products,10.14,1.93,UGA,800,304.72,80.58
Uganda,Rice,4.64,5.94,UGA,800,304.72,80.58
Uganda,Soybeans,0.01,0.0,UGA,800,304.72,80.58
Uganda,Nuts inc. Peanut Butter,3.77,6.67,UGA,800,304.72,80.58
Nepal,Pork,0.6699999999999999,2.37,NPL,524,526.22,208.55
Nepal,Poultry,1.56,1.6800000000000002,NPL,524,526.22,208.55
Nepal,Beef,7.89,243.47,NPL,524,526.22,208.55
Nepal,Lamb & Goat,2.1,73.54,NPL,524,526.22,208.55
Nepal,Fish,2.17,3.46,NPL,524,526.22,208.55
Nepal,Eggs,1.42,1.3,NPL,524,526.22,208.55
Nepal,Milk - inc. cheese,52.1,74.21000000000001,NPL,524,526.22,208.55
Nepal,Wheat and Wheat Products,50.46,9.62,NPL,524,526.22,208.55
Nepal,Rice,87.75,112.29,NPL,524,526.22,208.55
Nepal,Soybeans,0.01,0.0,NPL,524,526.22,208.55
Nepal,Nuts inc. Peanut Butter,2.42,4.28,NPL,524,526.22,208.55
Senegal,Pork,0.94,3.33,SEN,686,469.43,169.67
Senegal,Poultry,4.619999999999999,4.96,SEN,686,469.43,169.67
Senegal,Beef,5.85,180.52,SEN,686,469.43,169.67
Senegal,Lamb & Goat,3.19,111.71,SEN,686,469.43,169.67
Senegal,Fish,22.94,36.63,SEN,686,469.43,169.67
Senegal,Eggs,1.63,1.5,SEN,686,469.43,169.67
Senegal,Milk - inc. cheese,16.86,24.02,SEN,686,469.43,169.67
Senegal,Wheat and Wheat Products,37.32,7.119999999999999,SEN,686,469.43,169.67
Senegal,Rice,72.29,92.51,SEN,686,469.43,169.67
Senegal,Soybeans,0.0,0.0,SEN,686,469.43,169.67
Senegal,Nuts inc. Peanut Butter,4.03,7.13,SEN,686,469.43,169.67
Peru,Pork,3.85,13.63,PER,604,402.84,215.19
Peru,Poultry,11.72,12.59,PER,604,402.84,215.19
Peru,Beef,4.69,144.72,PER,604,402.84,215.19
Peru,Lamb & Goat,1.0,35.02,PER,604,402.84,215.19
Peru,Fish,15.739999999999998,25.130000000000003,PER,604,402.84,215.19
Peru,Eggs,8.76,8.05,PER,604,402.84,215.19
Peru,Milk - inc. cheese,62.15,88.53,PER,604,402.84,215.19
Peru,Wheat and Wheat Products,56.120000000000005,10.7,PER,604,402.84,215.19
Peru,Rice,48.92,62.6,PER,604,402.84,215.19
Peru,Soybeans,1.59,0.72,PER,604,402.84,215.19
Peru,Nuts inc. Peanut Butter,0.65,1.15,PER,604,402.84,215.19
Nicaragua,Pork,3.38,11.96,NIC,558,377.69,196.95
Nicaragua,Poultry,21.31,22.89,NIC,558,377.69,196.95
Nicaragua,Beef,4.73,145.96,NIC,558,377.69,196.95
Nicaragua,Lamb & Goat,0.01,0.35,NIC,558,377.69,196.95
Nicaragua,Fish,3.59,5.73,NIC,558,377.69,196.95
Nicaragua,Eggs,4.9,4.5,NIC,558,377.69,196.95
Nicaragua,Milk - inc. cheese,85.16,121.3,NIC,558,377.69,196.95
Nicaragua,Wheat and Wheat Products,28.17,5.37,NIC,558,377.69,196.95
Nicaragua,Rice,43.33,55.45,NIC,558,377.69,196.95
Nicaragua,Soybeans,0.01,0.0,NIC,558,377.69,196.95
Nicaragua,Nuts inc. Peanut Butter,2.36,4.18,NIC,558,377.69,196.95
Ethiopia,Pork,0.02,0.07,ETH,231,241.92000000000002,85.77
Ethiopia,Poultry,0.6599999999999999,0.71,ETH,231,241.92000000000002,85.77
Ethiopia,Beef,3.61,111.4,ETH,231,241.92000000000002,85.77
Ethiopia,Lamb & Goat,1.57,54.98,ETH,231,241.92000000000002,85.77
Ethiopia,Fish,0.24,0.38,ETH,231,241.92000000000002,85.77
Ethiopia,Eggs,0.36,0.3299999999999999,ETH,231,241.92000000000002,85.77
Ethiopia,Milk - inc. cheese,44.14,62.87,ETH,231,241.92000000000002,85.77
Ethiopia,Wheat and Wheat Products,31.26,5.96,ETH,231,241.92000000000002,85.77
Ethiopia,Rice,2.25,2.88,ETH,231,241.92000000000002,85.77
Ethiopia,Soybeans,0.45,0.2,ETH,231,241.92000000000002,85.77
Ethiopia,Nuts inc. Peanut Butter,1.21,2.14,ETH,231,241.92000000000002,85.77
Myanmar,Pork,11.31,40.03,MMR,104,563.8,275.1
Myanmar,Poultry,21.87,23.49,MMR,104,563.8,275.1
Myanmar,Beef,4.94,152.44,MMR,104,563.8,275.1
Myanmar,Lamb & Goat,0.89,31.17,MMR,104,563.8,275.1
Myanmar,Fish,54.260000000000005,86.64,MMR,104,563.8,275.1
Myanmar,Eggs,6.45,5.92,MMR,104,563.8,275.1
Myanmar,Milk - inc. cheese,31.48,44.84,MMR,104,563.8,275.1
Myanmar,Wheat and Wheat Products,6.22,1.1900000000000002,MMR,104,563.8,275.1
Myanmar,Rice,132.8,169.94,MMR,104,563.8,275.1
Myanmar,Soybeans,0.38,0.17,MMR,104,563.8,275.1
Myanmar,Nuts inc. Peanut Butter,4.5,7.970000000000001,MMR,104,563.8,275.1
Congo,Pork,2.39,8.46,COG,178,262.54999999999995,117.33
Congo,Poultry,13.02,13.99,COG,178,262.54999999999995,117.33
Congo,Beef,4.35,134.23,COG,178,262.54999999999995,117.33
Congo,Lamb & Goat,0.4,14.01,COG,178,262.54999999999995,117.33
Congo,Fish,26.22,41.86,COG,178,262.54999999999995,117.33
Congo,Eggs,0.6,0.55,COG,178,262.54999999999995,117.33
Congo,Milk - inc. cheese,10.69,15.23,COG,178,262.54999999999995,117.33
Congo,Wheat and Wheat Products,40.07,7.64,COG,178,262.54999999999995,117.33
Congo,Rice,16.51,21.130000000000003,COG,178,262.54999999999995,117.33
Congo,Soybeans,0.0,0.0,COG,178,262.54999999999995,117.33
Congo,Nuts inc. Peanut Butter,3.08,5.45,COG,178,262.54999999999995,117.33
Zambia,Pork,1.66,5.88,ZMB,894,225.3,57.11
Zambia,Poultry,3.29,3.53,ZMB,894,225.3,57.11
Zambia,Beef,4.76,146.88000000000002,ZMB,894,225.3,57.11
Zambia,Lamb & Goat,0.6799999999999999,23.81,ZMB,894,225.3,57.11
Zambia,Fish,6.2,9.9,ZMB,894,225.3,57.11
Zambia,Eggs,3.32,3.05,ZMB,894,225.3,57.11
Zambia,Milk - inc. cheese,9.71,13.83,ZMB,894,225.3,57.11
Zambia,Wheat and Wheat Products,12.1,2.31,ZMB,894,225.3,57.11
Zambia,Rice,3.05,3.9,ZMB,894,225.3,57.11
Zambia,Soybeans,7.3,3.29,ZMB,894,225.3,57.11
Zambia,Nuts inc. Peanut Butter,5.04,8.92,ZMB,894,225.3,57.11
Cameroon,Pork,1.47,5.2,CMR,120,283.61,97.09
Cameroon,Poultry,3.29,3.53,CMR,120,283.61,97.09
Cameroon,Beef,4.17,128.68,CMR,120,283.61,97.09
Cameroon,Lamb & Goat,1.4,49.03,CMR,120,283.61,97.09
Cameroon,Fish,14.71,23.49,CMR,120,283.61,97.09
Cameroon,Eggs,0.4,0.37,CMR,120,283.61,97.09
Cameroon,Milk - inc. cheese,15.27,21.75,CMR,120,283.61,97.09
Cameroon,Wheat and Wheat Products,22.6,4.31,CMR,120,283.61,97.09
Cameroon,Rice,23.85,30.52,CMR,120,283.61,97.09
Cameroon,Soybeans,0.64,0.29,CMR,120,283.61,97.09
Cameroon,Nuts inc. Peanut Butter,9.29,16.439999999999998,CMR,120,283.61,97.09
Madagascar,Pork,2.56,9.06,MDG,450,440.75,155.63
Madagascar,Poultry,3.14,3.37,MDG,450,440.75,155.63
Madagascar,Beef,7.51,231.74,MDG,450,440.75,155.63
Madagascar,Lamb & Goat,0.5700000000000001,19.96,MDG,450,440.75,155.63
Madagascar,Fish,4.41,7.04,MDG,450,440.75,155.63
Madagascar,Eggs,0.71,0.65,MDG,450,440.75,155.63
Madagascar,Milk - inc. cheese,24.84,35.379999999999995,MDG,450,440.75,155.63
Madagascar,Wheat and Wheat Products,9.01,1.72,MDG,450,440.75,155.63
Madagascar,Rice,102.53,131.20999999999998,MDG,450,440.75,155.63
Madagascar,Soybeans,0.0,0.0,MDG,450,440.75,155.63
Madagascar,Nuts inc. Peanut Butter,0.35,0.62,MDG,450,440.75,155.63
Malawi,Pork,5.45,19.29,MWI,454,207.94,51.0
Malawi,Poultry,1.38,1.48,MWI,454,207.94,51.0
Malawi,Beef,2.35,72.52,MWI,454,207.94,51.0
Malawi,Lamb & Goat,2.07,72.49000000000001,MWI,454,207.94,51.0
Malawi,Fish,7.33,11.7,MWI,454,207.94,51.0
Malawi,Eggs,1.08,0.99,MWI,454,207.94,51.0
Malawi,Milk - inc. cheese,7.98,11.37,MWI,454,207.94,51.0
Malawi,Wheat and Wheat Products,11.77,2.24,MWI,454,207.94,51.0
Malawi,Rice,4.75,6.08,MWI,454,207.94,51.0
Malawi,Soybeans,1.76,0.7899999999999999,MWI,454,207.94,51.0
Malawi,Nuts inc. Peanut Butter,5.08,8.99,MWI,454,207.94,51.0
Guinea,Pork,0.16,0.5700000000000001,GIN,324,432.71,161.41
Guinea,Poultry,1.83,1.97,GIN,324,432.71,161.41
Guinea,Beef,6.26,193.17,GIN,324,432.71,161.41
Guinea,Lamb & Goat,1.6,56.03,GIN,324,432.71,161.41
Guinea,Fish,9.18,14.66,GIN,324,432.71,161.41
Guinea,Eggs,1.95,1.79,GIN,324,432.71,161.41
Guinea,Milk - inc. cheese,20.62,29.37,GIN,324,432.71,161.41
Guinea,Wheat and Wheat Products,18.55,3.54,GIN,324,432.71,161.41
Guinea,Rice,97.12,124.28,GIN,324,432.71,161.41
Guinea,Soybeans,0.0,0.0,GIN,324,432.71,161.41
Guinea,Nuts inc. Peanut Butter,4.14,7.33,GIN,324,432.71,161.41
Nigeria,Pork,1.47,5.2,NGA,566,267.79,94.23
Nigeria,Poultry,1.73,1.86,NGA,566,267.79,94.23
Nigeria,Beef,2.33,71.9,NGA,566,267.79,94.23
Nigeria,Lamb & Goat,2.72,95.25,NGA,566,267.79,94.23
Nigeria,Fish,16.03,25.59,NGA,566,267.79,94.23
Nigeria,Eggs,3.46,3.18,NGA,566,267.79,94.23
Nigeria,Milk - inc. cheese,7.91,11.27,NGA,566,267.79,94.23
Nigeria,Wheat and Wheat Products,20.82,3.97,NGA,566,267.79,94.23
Nigeria,Rice,28.23,36.13,NGA,566,267.79,94.23
Nigeria,Soybeans,2.6,1.1700000000000002,NGA,566,267.79,94.23
Nigeria,Nuts inc. Peanut Butter,6.930000000000001,12.27,NGA,566,267.79,94.23
Rwanda,Pork,0.76,2.69,RWA,646,181.63,40.38
Rwanda,Poultry,1.34,1.44,RWA,646,181.63,40.38
Rwanda,Beef,2.53,78.07,RWA,646,181.63,40.38
Rwanda,Lamb & Goat,1.93,67.59,RWA,646,181.63,40.38
Rwanda,Fish,3.88,6.2,RWA,646,181.63,40.38
Rwanda,Eggs,0.16,0.15,RWA,646,181.63,40.38
Rwanda,Milk - inc. cheese,7.23,10.3,RWA,646,181.63,40.38
Rwanda,Wheat and Wheat Products,11.34,2.16,RWA,646,181.63,40.38
Rwanda,Rice,8.7,11.13,RWA,646,181.63,40.38
Rwanda,Soybeans,1.93,0.8700000000000001,RWA,646,181.63,40.38
Rwanda,Nuts inc. Peanut Butter,0.58,1.03,RWA,646,181.63,40.38
Philippines,Pork,18.4,65.13,PHL,608,455.28000000000003,227.79000000000002
Philippines,Poultry,11.91,12.79,PHL,608,455.28000000000003,227.79000000000002
Philippines,Beef,4.06,125.28,PHL,608,455.28000000000003,227.79000000000002
Philippines,Lamb & Goat,0.56,19.610000000000003,PHL,608,455.28000000000003,227.79000000000002
Philippines,Fish,28.51,45.52,PHL,608,455.28000000000003,227.79000000000002
Philippines,Eggs,4.02,3.69,PHL,608,455.28000000000003,227.79000000000002
Philippines,Milk - inc. cheese,15.66,22.31,PHL,608,455.28000000000003,227.79000000000002
Philippines,Wheat and Wheat Products,23.12,4.41,PHL,608,455.28000000000003,227.79000000000002
Philippines,Rice,119.44,152.85000000000002,PHL,608,455.28000000000003,227.79000000000002
Philippines,Soybeans,0.03,0.01,PHL,608,455.28000000000003,227.79000000000002
Philippines,Nuts inc. Peanut Butter,2.08,3.68,PHL,608,455.28000000000003,227.79000000000002
Ghana,Pork,1.36,4.81,GHA,288,217.87,101.21
Ghana,Poultry,8.629999999999999,9.27,GHA,288,217.87,101.21
Ghana,Beef,1.09,33.64,GHA,288,217.87,101.21
Ghana,Lamb & Goat,1.74,60.93,GHA,288,217.87,101.21
Ghana,Fish,26.05,41.59,GHA,288,217.87,101.21
Ghana,Eggs,1.21,1.11,GHA,288,217.87,101.21
Ghana,Milk - inc. cheese,9.08,12.93,GHA,288,217.87,101.21
Ghana,Wheat and Wheat Products,14.45,2.76,GHA,288,217.87,101.21
Ghana,Rice,32.03,40.99,GHA,288,217.87,101.21
Ghana,Soybeans,0.01,0.0,GHA,288,217.87,101.21
Ghana,Nuts inc. Peanut Butter,5.56,9.84,GHA,288,217.87,101.21
Togo,Pork,1.57,5.56,TGO,768,188.09,74.32
Togo,Poultry,6.63,7.119999999999999,TGO,768,188.09,74.32
Togo,Beef,1.53,47.21,TGO,768,188.09,74.32
Togo,Lamb & Goat,1.58,55.33,TGO,768,188.09,74.32
Togo,Fish,11.69,18.67,TGO,768,188.09,74.32
Togo,Eggs,0.8600000000000001,0.7899999999999999,TGO,768,188.09,74.32
Togo,Milk - inc. cheese,7.96,11.34,TGO,768,188.09,74.32
Togo,Wheat and Wheat Products,12.91,2.46,TGO,768,188.09,74.32
Togo,Rice,25.99,33.260000000000005,TGO,768,188.09,74.32
Togo,Soybeans,0.01,0.0,TGO,768,188.09,74.32
Togo,Nuts inc. Peanut Butter,3.59,6.35,TGO,768,188.09,74.32
Gambia,Pork,0.18,0.64,GMB,270,293.66,180.56
Gambia,Poultry,2.66,2.86,GMB,270,293.66,180.56
Gambia,Beef,2.16,66.64999999999999,GMB,270,293.66,180.56
Gambia,Lamb & Goat,0.71,24.86,GMB,270,293.66,180.56
Gambia,Fish,23.130000000000003,36.93,GMB,270,293.66,180.56
Gambia,Eggs,0.99,0.91,GMB,270,293.66,180.56
Gambia,Milk - inc. cheese,45.71,65.11,GMB,270,293.66,180.56
Gambia,Wheat and Wheat Products,37.91,7.23,GMB,270,293.66,180.56
Gambia,Rice,61.84,79.14,GMB,270,293.66,180.56
Gambia,Soybeans,0.0,0.0,GMB,270,293.66,180.56
Gambia,Nuts inc. Peanut Butter,5.2700000000000005,9.33,GMB,270,293.66,180.56
India,Pork,0.28,0.99,IND,356,282.62,227.70000000000002
India,Poultry,1.88,2.02,IND,356,282.62,227.70000000000002
India,Beef,0.81,24.99,IND,356,282.62,227.70000000000002
India,Lamb & Goat,0.58,20.31,IND,356,282.62,227.70000000000002
India,Fish,4.71,7.52,IND,356,282.62,227.70000000000002
India,Eggs,2.58,2.37,IND,356,282.62,227.70000000000002
India,Milk - inc. cheese,84.5,120.36,IND,356,282.62,227.70000000000002
India,Wheat and Wheat Products,60.56,11.55,IND,356,282.62,227.70000000000002
India,Rice,69.49000000000001,88.93,IND,356,282.62,227.70000000000002
India,Soybeans,0.39,0.18,IND,356,282.62,227.70000000000002
India,Nuts inc. Peanut Butter,1.92,3.4,IND,356,282.62,227.70000000000002
Thailand,Pork,13.0,46.01,THA,764,378.0,219.57999999999998
Thailand,Poultry,13.69,14.71,THA,764,378.0,219.57999999999998
Thailand,Beef,2.56,79.0,THA,764,378.0,219.57999999999998
Thailand,Lamb & Goat,0.05,1.75,THA,764,378.0,219.57999999999998
Thailand,Fish,19.45,31.06,THA,764,378.0,219.57999999999998
Thailand,Eggs,12.35,11.34,THA,764,378.0,219.57999999999998
Thailand,Milk - inc. cheese,29.35,41.81,THA,764,378.0,219.57999999999998
Thailand,Wheat and Wheat Products,10.93,2.08,THA,764,378.0,219.57999999999998
Thailand,Rice,114.57,146.62,THA,764,378.0,219.57999999999998
Thailand,Soybeans,2.13,0.96,THA,764,378.0,219.57999999999998
Thailand,Nuts inc. Peanut Butter,1.5,2.66,THA,764,378.0,219.57999999999998
Mozambique,Pork,5.13,18.16,MOZ,508,141.4,63.41
Mozambique,Poultry,1.41,1.51,MOZ,508,141.4,63.41
Mozambique,Beef,1.04,32.09,MOZ,508,141.4,63.41
Mozambique,Lamb & Goat,0.9,31.52,MOZ,508,141.4,63.41
Mozambique,Fish,7.74,12.36,MOZ,508,141.4,63.41
Mozambique,Eggs,1.7,1.56,MOZ,508,141.4,63.41
Mozambique,Milk - inc. cheese,4.79,6.819999999999999,MOZ,508,141.4,63.41
Mozambique,Wheat and Wheat Products,14.65,2.79,MOZ,508,141.4,63.41
Mozambique,Rice,23.41,29.96,MOZ,508,141.4,63.41
Mozambique,Soybeans,0.03,0.01,MOZ,508,141.4,63.41
Mozambique,Nuts inc. Peanut Butter,2.61,4.619999999999999,MOZ,508,141.4,63.41
Cambodia,Pork,6.52,23.08,KHM,116,452.41,225.06
Cambodia,Poultry,1.84,1.98,KHM,116,452.41,225.06
Cambodia,Beef,4.85,149.66,KHM,116,452.41,225.06
Cambodia,Lamb & Goat,0.0,0.0,KHM,116,452.41,225.06
Cambodia,Fish,39.59,63.21,KHM,116,452.41,225.06
Cambodia,Eggs,1.37,1.26,KHM,116,452.41,225.06
Cambodia,Milk - inc. cheese,3.47,4.94,KHM,116,452.41,225.06
Cambodia,Wheat and Wheat Products,2.74,0.52,KHM,116,452.41,225.06
Cambodia,Rice,159.1,203.6,KHM,116,452.41,225.06
Cambodia,Soybeans,4.33,1.95,KHM,116,452.41,225.06
Cambodia,Nuts inc. Peanut Butter,1.25,2.21,KHM,116,452.41,225.06
Sierra Leone,Pork,1.22,4.319999999999999,SLE,694,300.40999999999997,167.37
Sierra Leone,Poultry,4.970000000000001,5.34,SLE,694,300.40999999999997,167.37
Sierra Leone,Beef,1.99,61.41,SLE,694,300.40999999999997,167.37
Sierra Leone,Lamb & Goat,0.65,22.76,SLE,694,300.40999999999997,167.37
Sierra Leone,Fish,32.03,51.14,SLE,694,300.40999999999997,167.37
Sierra Leone,Eggs,1.92,1.76,SLE,694,300.40999999999997,167.37
Sierra Leone,Milk - inc. cheese,7.0,9.97,SLE,694,300.40999999999997,167.37
Sierra Leone,Wheat and Wheat Products,8.719999999999999,1.66,SLE,694,300.40999999999997,167.37
Sierra Leone,Rice,103.3,132.19,SLE,694,300.40999999999997,167.37
Sierra Leone,Soybeans,0.0,0.0,SLE,694,300.40999999999997,167.37
Sierra Leone,Nuts inc. Peanut Butter,5.57,9.86,SLE,694,300.40999999999997,167.37
Sri Lanka,Pork,0.05,0.18,LKA,144,294.46,218.77
Sri Lanka,Poultry,4.96,5.33,LKA,144,294.46,218.77
Sri Lanka,Beef,1.38,42.58,LKA,144,294.46,218.77
Sri Lanka,Lamb & Goat,0.09,3.15,LKA,144,294.46,218.77
Sri Lanka,Fish,24.92,39.790000000000006,LKA,144,294.46,218.77
Sri Lanka,Eggs,4.57,4.2,LKA,144,294.46,218.77
Sri Lanka,Milk - inc. cheese,34.98,49.83,LKA,144,294.46,218.77
Sri Lanka,Wheat and Wheat Products,37.01,7.06,LKA,144,294.46,218.77
Sri Lanka,Rice,109.72,140.41,LKA,144,294.46,218.77
Sri Lanka,Soybeans,0.0,0.0,LKA,144,294.46,218.77
Sri Lanka,Nuts inc. Peanut Butter,1.09,1.93,LKA,144,294.46,218.77
Indonesia,Pork,2.98,10.55,IDN,360,367.51,224.98999999999998
Indonesia,Poultry,7.5,8.06,IDN,360,367.51,224.98999999999998
Indonesia,Beef,2.59,79.92,IDN,360,367.51,224.98999999999998
Indonesia,Lamb & Goat,0.46,16.110000000000003,IDN,360,367.51,224.98999999999998
Indonesia,Fish,25.65,40.95,IDN,360,367.51,224.98999999999998
Indonesia,Eggs,4.88,4.48,IDN,360,367.51,224.98999999999998
Indonesia,Milk - inc. cheese,14.82,21.110000000000003,IDN,360,367.51,224.98999999999998
Indonesia,Wheat and Wheat Products,25.45,4.85,IDN,360,367.51,224.98999999999998
Indonesia,Rice,134.62,172.26999999999998,IDN,360,367.51,224.98999999999998
Indonesia,Soybeans,1.12,0.5,IDN,360,367.51,224.98999999999998
Indonesia,Nuts inc. Peanut Butter,4.92,8.709999999999999,IDN,360,367.51,224.98999999999998
Liberia,Pork,4.01,14.19,LBR,430,203.38,131.04
Liberia,Poultry,8.91,9.57,LBR,430,203.38,131.04
Liberia,Beef,0.7799999999999999,24.07,LBR,430,203.38,131.04
Liberia,Lamb & Goat,0.48,16.810000000000002,LBR,430,203.38,131.04
Liberia,Fish,4.13,6.59,LBR,430,203.38,131.04
Liberia,Eggs,2.05,1.88,LBR,430,203.38,131.04
Liberia,Milk - inc. cheese,3.04,4.33,LBR,430,203.38,131.04
Liberia,Wheat and Wheat Products,10.95,2.09,LBR,430,203.38,131.04
Liberia,Rice,94.75,121.25,LBR,430,203.38,131.04
Liberia,Soybeans,0.63,0.28,LBR,430,203.38,131.04
Liberia,Nuts inc. Peanut Butter,1.31,2.32,LBR,430,203.38,131.04
Bangladesh,Pork,0.0,0.0,BGD,50,374.18,236.6
Bangladesh,Poultry,1.4,1.5,BGD,50,374.18,236.6
Bangladesh,Beef,1.28,39.5,BGD,50,374.18,236.6
Bangladesh,Lamb & Goat,1.33,46.58,BGD,50,374.18,236.6
Bangladesh,Fish,18.07,28.85,BGD,50,374.18,236.6
Bangladesh,Eggs,2.08,1.91,BGD,50,374.18,236.6
Bangladesh,Milk - inc. cheese,21.91,31.21,BGD,50,374.18,236.6
Bangladesh,Wheat and Wheat Products,17.47,3.33,BGD,50,374.18,236.6
Bangladesh,Rice,171.73,219.76,BGD,50,374.18,236.6
Bangladesh,Soybeans,0.61,0.27,BGD,50,374.18,236.6
Bangladesh,Nuts inc. Peanut Butter,0.72,1.27,BGD,50,374.18,236.6
